,Barcode Sequence,Count Freq
0,CTGACAGTTACCGTTACAGCAGCCACGCTTCTG,0.131331241595697
1,CTCACAGTGACCGTCACAGCCGCCACTCTCCTA,0.07440609592111161
2,CTTACCGTAACGGTAACTGCCGCCACGCTGCTT,0.06553115194979829
3,CTGACGGTAACAGTGACAGCAGCAACCCTACTT,0.05997310623038996
4,CTTACCGTCACCGTAACCGCAGCCACTCTACTC,0.048498431196772745
5,CTTACAGTTACGGTCACTGCAGCCACGCTTCTC,0.04652622142536979
6,CTTACTGTCACCGTTACCGCAGCAACACTACTT,0.041057821604661586
7,CTCACCGTTACTGTCACTGCAGCAACCCTACTT,0.0395338413267593
8,CTGACTGTGACCGTGACTGCTGCCACTCTACTA,0.03576871358135365
9,CTAACAGTAACAGTCACTGCCGCTACTCTGCTC,0.031107126848946662
10,CTTACCGTTACGGTAACCGCTGCGACACTCCTG,0.02590766472433886
11,CTAACAGTCACGGTCACCGCCGCAACGCTTCTT,0.023128641864634692
12,CTCACGGTGACGGTCACCGCCGCAACACTCCTC,0.015150156880322726
13,CTGACTGTTACTGTCACGGCTGCCACTCTCCTT,0.014970865082922457
14,CTGACAGTCACAGTGACTGCCGCGACTCTTCTT,0.009592111160914388
15,CTGACCGTCACTGTAACTGCCGCTACTCTCCTT,0.008068130883012102
16,CTGACTGTAACCGTCACTGCCGCTACACTTCTC,0.00663379650380995
17,CTCACAGTTACAGTCACCGCAGCCACTCTGCTG,0.006544150605109816
18,CTGACAGTTACCGTTACAGCAGCCACGCTTCTT,0.006544150605109816
19,CTAACTGTAACCGTCACTGCGGCAACTCTGCTC,0.006364858807709547
20,CTTACAGTAACCGTAACCGCGGCGACCCTACTT,0.006185567010309278
21,CTTACCGTTACTGTAACGGCCGCAACGCTGCTT,0.005737337516808606
22,CTGACAGTTACCGTAACCGCCGCAACCCTTCTA,0.004751232631107127
23,CTTACGGTTACTGTAACCGCCGCGACCCTCCTA,0.004392649036306589
24,CTGACTGTGACTGTAACTGCTGCTACCCTTCTC,0.004392649036306589
25,CTGACAGTTACCGTCACAGCAGCCACGCTTCTG,0.003944419542805917
26,CTTACTGTAACCGTCACCGCAGCGACCCTACTC,0.002868668758404303
27,CTCACAGTCACCGTGACCGCTGCGACCCTACTT,0.002510085163603765
28,CTTACCGTCACCGTAACCGCAGCCACTCTACTT,0.002510085163603765
29,CTTACAGTTACGGTCACTGCAGCCACGCTTCTT,0.002510085163603765
30,CTCACAGTGACCGTCACAGCCGCCACTCTCCTT,0.002330793366203496
31,CTTACAGTTACCGTCACTGCAGCCACGCTTCTC,0.002330793366203496
32,CTAACAGTAACAGTCACTGCCGCCACTCTGCTC,0.0022411474675033617
33,CTGACTGTTACGGTTACAGCAGCAACCCTACTC,0.0021515015688032273
34,CTTACTGTAACTGTTACTGCAGCAACACTTCTC,0.002061855670103093
35,CTGACAGTTACCGTCACTGCAGCCACGCTTCTC,0.001882563872702824
36,CTGACTGTGACCGTGACTGCAGCCACTCTACTA,0.001882563872702824
37,CTCACCGTTACCGTCACTGCAGCAACCCTACTT,0.0017929179740026895
38,CTGACAGTTACCGTCACAGCAGCCACGCTTCTT,0.0017032720753025548
39,CTGACGGTAACCGTGACAGCAGCAACCCTACTT,0.0017032720753025548
40,CTTACCGTAACCGTAACTGCCGCCACGCTGCTT,0.0016136261766024204
41,CTAACAGTAACCGTCACTGCCGCCACTCTGCTC,0.001523980277902286
42,CTGACAGTGACCGTCACTGCCGCCACTCTACTA,0.0014343343792021514
43,CTCACTGTAACAGTTACTGCTGCTACTCTACTT,0.0014343343792021514
44,CTCACAGTTACCGTCACAGCCGCCACTCTCCTA,0.0012550425818018825
45,CTTACCGTTACGGTAACCGCTGCCACACTCCTG,0.0012550425818018825
46,CTTACCGTTACCGTAACCGCAGCCACTCTACTC,0.0012550425818018825
47,CTGACAGTAACAGTGACAGCAGCAACCCTACTT,0.0012550425818018825
48,CTGACAGTTACCGTTACAGCAGCCACGCTACTT,0.0012550425818018825
49,CTGACAGTTACCGTTACTGCAGCCACGCTTCTG,0.001165396683101748
50,CTTACCGTAACGGTCACTGCCGCCACGCTGCTT,0.001165396683101748
51,CTGACAGTGACCGTGACTGCTGCCACTCTACTA,0.001165396683101748
52,CTTACCGTTACCGTAACGGCGGCGACACTCCTA,0.001165396683101748
53,CTGACAGTTACCGTCACAGCAGCCACTCTCCTT,0.0010757507844016136
54,CTGACAGTGACCGTCACAGCCGCCACTCTCCTA,0.0009861048857014792
55,CTGACAGTTACCGTCACTGCAGCCACGCTTCTT,0.0009861048857014792
56,CTTACTGTCACCGTTACCGCAGCCACACTACTT,0.0009861048857014792
57,CTTACAGTTACGGTCACTGCTGCAACCCTCCTG,0.0009861048857014792
58,CTGACGGTAACAGTGACAGCAGCCACCCTACTT,0.0008964589870013447
59,CTCACAGTGACCGTCACAGCAGCCACTCTCCTA,0.0008964589870013447
60,CTGACTGTGACCGTGACTGCTGCCACTCTACTT,0.0008964589870013447
61,CTGACGGTAACAGTCACAGCAGCAACCCTACTT,0.0008068130883012102
62,CTGACAGTCACAGTGACTGCCGCCACTCTTCTT,0.0008068130883012102
63,CTTACCGTAACGGTAACTGCCGCCACGCTACTT,0.0008068130883012102
64,CTTACTGTCACCGTCACCGCAGCAACACTACTT,0.0008068130883012102
65,CTGACCGTTACTGTCACTGCAGCAACCCTACTT,0.0008068130883012102
66,CTGACAGTTACCGTCACAGCCGCCACGCTTCTT,0.0008068130883012102
67,CTTACCGTTACGGTAACTGCCGCCACGCTGCTT,0.0007171671896010757
68,CTCACCGTTACTGTCACTGCAGCCACCCTACTT,0.0007171671896010757
69,CTTACAGTCACCGTTACCGCAGCAACACTACTT,0.0007171671896010757
70,CTTACCGTTACGGTCACTGCAGCCACGCTACTT,0.0007171671896010757
71,CTTACAGTAACCGTAACCGCAGCCACCCTACTT,0.0007171671896010757
72,CTGACAGTTACCGTCACAGCAGCCACGCTTCTC,0.0007171671896010757
73,CTGACTGTAACCGTCACTGCCGCCACACTTCTC,0.0006275212909009413
74,CTGACTGTGACCGTCACTGCTGCCACTCTACTA,0.0006275212909009413
75,CTTACAGTCACCGTAACCGCAGCCACTCTACTC,0.0006275212909009413
76,CTTACCGTTACCGTAACCGCAGCCACACTCCTG,0.0006275212909009413
77,CTGACAGTTACCGTTACAGCAGCCACGCTACTG,0.0006275212909009413
78,CTGACAGTTACCGTTACTGCAGCCACGCTTCTT,0.0006275212909009413
79,CTAACAGTCACGGTCACCGCCGCCACGCTTCTT,0.0006275212909009413
80,CTGACAGTGACCGTCACAGCAGCCACTCTACTA,0.0005378753922008068
81,CTCACAGTTACCGTCACCGCAGCCACTCTGCTG,0.0005378753922008068
82,CTGACAGTTACCGTCACAGCAGCCACTCTTCTG,0.0005378753922008068
83,CTGACAGTTACCGTGACAGCAGCCACGCTACTT,0.0005378753922008068
84,CTTACAGTTACCGTCACTGCAGCCACTCTTCTC,0.0005378753922008068
85,CTTACAGTCACGGTCACTGCCGCCACGCTTCTT,0.0005378753922008068
86,CTTACCGTCACCGTAACTGCAGCCACTCTACTC,0.0005378753922008068
87,CTGACAGTAACCGTGACAGCAGCAACCCTACTT,0.0005378753922008068
88,CTTACTGTTACCGTTACCGCAGCAACACTACTT,0.0005378753922008068
89,CTTACCGTTACCGTAACCGCAGCCACTCTACTG,0.0005378753922008068
90,CTTACCGTTACTGTCACTGCAGCAACCCTACTT,0.0005378753922008068
91,CTTACCGTAACCGTAACTGCCGCCACGCTACTT,0.0005378753922008068
92,CTGACAGTCACGGTCACCGCCGCAACGCTTCTT,0.0005378753922008068
93,CTGACGGTCACAGTTACTGCTGCTACCCTGCTC,0.0005378753922008068
94,CTTACCGTTACGGTAACCGCTGCGACACTCCTT,0.0005378753922008068
95,CTTACCGTTACGGTAACCGCAGCGACACTCCTG,0.0005378753922008068
96,CTTACCGTAACCGTAACTGCCGCCACTCTACTT,0.0005378753922008068
97,CTTACAGTGACCGTCACAGCCGCCACTCTCCTA,0.0005378753922008068
98,CTTACAGTTACCGTTACAGCAGCCACGCTTCTG,0.0005378753922008068
99,CTGACAGTAACCGTGACAGCAGCCACCCTACTT,0.00044822949350067237
100,CTGACAGTTACCGTCACAGCAGCCACTCTCCTG,0.00044822949350067237
101,CTGACTGTGACCGTGACTGCAGCCACTCTACTT,0.00044822949350067237
102,CTGACAGTTACCGTCACAGCCGCCACTCTCCTT,0.00044822949350067237
103,CTTACCGTAACCGTAACCGCAGCCACTCTACTT,0.00044822949350067237
104,CTTACAGTAACCGTAACTGCCGCCACGCTGCTT,0.00044822949350067237
105,CTGACAGTTACGGTCACTGCAGCCACGCTTCTT,0.00044822949350067237
106,CTTACAGTCACCGTCACCGCAGCAACGCTACTT,0.00044822949350067237
107,CTGACAGTAACCGTGACAGCAGCCACGCTACTT,0.00044822949350067237
108,CTAACTGTAACCGTCACTGCAGCAACTCTGCTC,0.00044822949350067237
109,CTCACAGTTACCGTCACAGCAGCCACTCTCCTT,0.00044822949350067237
110,CTTACAGTAACGGTCACTGCAGCCACGCTTCTT,0.00044822949350067237
111,CTTACCGTTACCGTCACTGCAGCCACTCTACTT,0.00044822949350067237
112,CTCACAGTGACCGTCACAGCAGCCACTCTACTA,0.00044822949350067237
113,CTCACAGTGACGGTCACCGCCGCAACACTCCTC,0.00044822949350067237
114,CTTACAGTTACCGTCACAGCAGCCACGCTTCTC,0.00044822949350067237
115,CTTACTGTCACCGTTACCGCAGCAACCCTACTT,0.00044822949350067237
116,CTGACTGTTACCGTCACTGCTGCCACTCTACTT,0.00044822949350067237
117,CTTACAGTAACCGTCACTGCCGCCACTCTGCTT,0.00044822949350067237
118,CTTACAGTTACGGTCACTGCAGCCACGCTACTT,0.00044822949350067237
119,CTCACAGTGACCGTCACTGCCGCCACTCTCCTA,0.00044822949350067237
120,CTTACCGTAACCGTAACTGCAGCCACGCTACTT,0.00044822949350067237
121,CTTACCGTTACGGTAACTGCAGCCACGCTGCTT,0.00044822949350067237
122,CTTACTGTCACCGTTACCGCAGCCACTCTACTT,0.00044822949350067237
123,CTTACAGTCACCGTTACCGCAGCAACGCTACTT,0.00044822949350067237
124,CTTACAGTTACCGTCACTGCAGCCACGCTTCTT,0.00044822949350067237
125,CTTACCGTAACGGTAACTGCAGCCACGCTGCTT,0.00044822949350067237
126,CTGACAGTAACCGTCACAGCAGCAACCCTACTT,0.00044822949350067237
127,CTTACAGTTACGGTCACTGCCGCCACGCTTCTT,0.00044822949350067237
128,CTTACCGTTACCGTCACTGCAGCAACCCTACTT,0.00044822949350067237
129,CTCACCGTTACCGTCACGGCTGCTACCCTTCTT,0.00044822949350067237
130,CTTACAGTCACCGTCACCGCAGCCACTCTACTT,0.00044822949350067237
131,CTTACAGTTACCGTTACAGCAGCCACGCTACTT,0.00044822949350067237
132,CTGACTGTCACCGTTACCGCAGCAACACTACTT,0.00044822949350067237
133,CTGACAGTAACAGTCACAGCAGCAACCCTACTT,0.00044822949350067237
134,CTGACCGTCACTGTAACTGCCGCCACTCTCCTT,0.00044822949350067237
135,CTCACGGTGACGGTCACCGCCGCCACACTCCTC,0.00044822949350067237
136,CTGACAGTGACCGTGACTGCAGCCACTCTACTA,0.00035858359480053786
137,CTGACAGTAACCGTCACTGCCGCTACTCTTCTC,0.00035858359480053786
138,CTTACAGTAACCGTCACTGCAGCCACTCTACTC,0.00035858359480053786
139,CTTACCGTAACCGTCACTGCCGCCACTCTGCTC,0.00035858359480053786
140,CTCACAGTAACCGTCACAGCCGCCACTCTCCTT,0.00035858359480053786
141,CTTACAGTCACCGTCACCGCAGCCACTCTACTC,0.00035858359480053786
142,CTTACAGTTACCGTAACCGCAGCCACTCTACTC,0.00035858359480053786
143,CTAACAGTCACCGTCACCGCCGCAACGCTTCTT,0.00035858359480053786
144,CTTACAGTCACCGTTACCGCAGCCACTCTACTT,0.00035858359480053786
145,CTTACAGTAACCGTCACTGCCGCCACTCTGCTC,0.00035858359480053786
146,CTTACAGTCACGGTCACCGCCGCAACGCTTCTT,0.00035858359480053786
147,CTCACCGTTACCGTCACTGCAGCCACCCTACTT,0.00035858359480053786
148,CTGACAGTAACCGTGACAGCAGCCACTCTACTT,0.00035858359480053786
149,CTTACCGTTACGGTAACTGCAGCCACGCTTCTT,0.00035858359480053786
150,CTTACAGTTACCGTTACAGCAGCCACGCTTCTT,0.00035858359480053786
151,CTTACAGTAACCGTAACCGCAGCGACCCTACTT,0.00035858359480053786
152,CTGACCGTAACAGTGACAGCAGCAACCCTACTT,0.00035858359480053786
153,CTGACAGTGACCGTGACTGCCGCCACTCTACTA,0.00035858359480053786
154,CTGACAGTGACCGTCACTGCTGCCACTCTACTA,0.00035858359480053786
155,CTGACTGTTACCGTCACGGCTGCCACTCTCCTT,0.00035858359480053786
156,CTGACAGTTACCGTCACAGCAGCCACGCTTCTA,0.00035858359480053786
157,CTGACTGTAACCGTGACTGCAGCCACTCTACTT,0.00035858359480053786
158,CTGACAGTTACCGTCACAGCAGCAACCCTACTT,0.00035858359480053786
159,CTGACAGTTACCGTCACAGCAGCCACTCTACTT,0.00035858359480053786
160,CTAACAGTCACGGTCACTGCCGCAACGCTTCTT,0.00035858359480053786
161,CTTACCGTCACCGTAACTGCAGCCACTCTACTT,0.00035858359480053786
162,CTTACCGTAACGGTAACTGCAGCCACGCTACTT,0.00035858359480053786
163,CTGACAGTTACCGTCACTGCCGCCACTCTTCTT,0.00035858359480053786
164,CTGACCGTCACCGTAACTGCCGCCACTCTCCTT,0.00035858359480053786
165,CTGACAGTAACCGTCACTGCCGCCACTCTTCTC,0.00035858359480053786
166,CTGACAGTTACCGTAACAGCAGCCACGCTTCTG,0.00035858359480053786
167,CTTACTGTAACCGTTACCGCAGCAACACTACTT,0.00035858359480053786
168,CTGACAGTTACCGTTACAGCAGCCACTCTTCTG,0.00035858359480053786
169,CTGACAGTTACCGTCACAGCCGCCACTCTCCTA,0.00035858359480053786
170,CTTACAGTTACCGTAACAGCAGCCACGCTTCTG,0.00035858359480053786
171,CTTACAGTTACGGTAACTGCAGCCACGCTTCTC,0.00035858359480053786
172,CTTACCGTTACTGTAACTGCCGCAACGCTGCTT,0.00035858359480053786
173,CTTACCGTTACCGTAACGGCCGCAACGCTGCTT,0.00035858359480053786
174,CTTACTGTCACCGTTACCGCAGCAACTCTACTT,0.00035858359480053786
175,CTTACAGTCACCGTTACCGCAGCCACACTACTT,0.00035858359480053786
176,CTCACAGTTACCGTCACTGCAGCCACCCTACTT,0.00035858359480053786
177,CTTACCGTTACCGTAACTGCCGCCACGCTGCTT,0.00035858359480053786
178,CTTACCGTCACCGTAACCGCAGCAACACTACTT,0.00035858359480053786
179,CTGACCGTCACCGTAACCGCAGCCACTCTACTC,0.00035858359480053786
180,CTGACAGTTACGGTCACTGCAGCCACGCTTCTC,0.00035858359480053786
181,CTTACTGTCACCGTTACCGCAGCAACGCTACTT,0.00035858359480053786
182,CTTACCGTCACCGTAACAGCAGCCACTCTACTC,0.00035858359480053786
183,CTGACAGTGACCGTCACAGCCGCCACTCTCCTT,0.00035858359480053786
184,CTGACAGTTACCGTCACAGCAGCAACGCTTCTT,0.00035858359480053786
185,CTGACAGTAACAGTCACTGCCGCTACTCTGCTC,0.00035858359480053786
186,CTCACAGTGACCGTCACAGCCGCCACTCTACTA,0.00035858359480053786
187,CTGACAGTAACCGTCACAGCAGCCACTCTACTT,0.00035858359480053786
188,CTGACAGTTACCGTCACTGCAGCCACGCTTCTG,0.00035858359480053786
189,CTTACAGTCACCGTAACCGCAGCCACTCTACTT,0.00035858359480053786
190,CTTACAGTAACAGTCACTGCCGCCACTCTGCTT,0.00035858359480053786
191,CTGACAGTCACCGTCACTGCCGCCACTCTCCTT,0.0002689376961004034
192,CTCACCGTTACTGTCACTGCAGCCACTCTACTT,0.0002689376961004034
193,CTTACAGTCACGGTCACCGCAGCAACGCTTCTT,0.0002689376961004034
194,CTTACCGTAACCGTAACTGCCGCCACGCTTCTT,0.0002689376961004034
195,CTTACAGTAACGGTCACTGCCGCCACGCTGCTC,0.0002689376961004034
196,CTAACGGTCACCGTTACAGCTGTTACGCTTCTC,0.0002689376961004034
197,CTGACGGTTACAGTGACAGCAGCAACCCTACTT,0.0002689376961004034
198,CTTACCGTAACGGTAACTGCCGCCACGCTTCTT,0.0002689376961004034
199,CTTACCGTTACGGTAACCGCAGCCACACTCCTG,0.0002689376961004034
200,CTAACAGTAACAGTCACTGCCGCTACTCTGCTT,0.0002689376961004034
201,CTGACAGTAACCGTGACAGCAGCAACGCTACTT,0.0002689376961004034
202,CTGACGGTAACCGTGACAGCAGCCACCCTACTT,0.0002689376961004034
203,CTGACAGTTACCGTCACTGCCGCCACGCTTCTT,0.0002689376961004034
204,CTTACAGTTACGGTAACTGCAGCCACGCTTCTT,0.0002689376961004034
205,CTTACAGTTACCGTTACCGCAGCCACACTACTG,0.0002689376961004034
206,CTGACAGTCACCGTCACCGCAGCCACGCTTCTT,0.0002689376961004034
207,CTGACAGTCACGGTCACCGCAGCAACGCTTCTT,0.0002689376961004034
208,CTCACCGTTACCGTCACTGCAGCCACTCTACTT,0.0002689376961004034
209,CTGACAGTTACCGTCACTGCCGCCACTCTTCTC,0.0002689376961004034
210,CTTACCGTTACGGTAACTGCCGCCACGCTCCTT,0.0002689376961004034
211,CTGACAGTTACCGTTACAGCAGCCACTCTACTT,0.0002689376961004034
212,CTTACAGTCACCGTCACCGCCGCAACGCTTCTT,0.0002689376961004034
213,CTAACAGTCACGGTCACTGCCGCCACGCTTCTT,0.0002689376961004034
214,CTTACAGTAACGGTAACTGCCGCCACGCTGCTT,0.0002689376961004034
215,CTTACCGTTACGGTAACTGCAGCCACGCTACTT,0.0002689376961004034
216,CTGACAGTTACCGTCACAGCAGCCACCCTACTT,0.0002689376961004034
217,CTCACCGTTACCGTCACTGCCGCCACTCTACTT,0.0002689376961004034
218,CTGACAGTCACAGTCACTGCCGCCACTCTTCTT,0.0002689376961004034
219,CTGACAGTTACCGTCACAGCAGCCACTCTTCTA,0.0002689376961004034
220,CTGACCGTAACCGTAACTGCCGCCACGCTGCTT,0.0002689376961004034
221,CTAACCGTCACAGTAACCGCAGCTACCCTGCTG,0.0002689376961004034
222,CTAACGGTCACCGTTACAGCTGCTACGCTTCTC,0.0002689376961004034
223,CTGACTGTTACTGTCACGGCAGCCACTCTCCTT,0.0002689376961004034
224,CTTACCGTTACCGTCACTGCAGCCACGCTACTT,0.0002689376961004034
225,CTGACAGTTACCGTTACCGCAGCCACGCTACTT,0.0002689376961004034
226,CTGACAGTTACCGTTACAGCAGCCACTCTACTG,0.0002689376961004034
227,CTGACAGTGACCGTGACAGCAGCCACTCTACTA,0.0002689376961004034
228,CTGACAGTAACCGTCACAGCCGCCACTCTACTT,0.0002689376961004034
229,CTGACCGTTACTGTCACAGCAGCAACCCTACTT,0.0002689376961004034
230,CTTACCGTAACGGTAACTGCCGCCACTCTGCTT,0.0002689376961004034
231,CTGACAGTAACCGTCACTGCCGCCACTCTGCTC,0.0002689376961004034
232,CTGACTGTTACTGTCACTGCTGCCACTCTCCTT,0.0002689376961004034
233,CTTACAGTTACCGTTACCGCAGCCACGCTACTT,0.0002689376961004034
234,CTGACCGTTACCGTCACTGCAGCCACTCTACTT,0.0002689376961004034
235,CTGACCGTCACCGTAACTGCAGCCACTCTACTT,0.0002689376961004034
236,CTTACCGTTACCGTAACTGCAGCAACGCTACTT,0.0002689376961004034
237,CTGACAGTGACCGTCACTGCAGCCACTCTACTA,0.0002689376961004034
238,CTTACAGTAACGGTCACTGCCGCCACGCTGCTT,0.0002689376961004034
239,CTCACAGTTACCGTCACAGCAGCCACTCTCCTG,0.0002689376961004034
240,CTAACAGTCACCGTCACCGCCGCCACGCTTCTT,0.0002689376961004034
241,CTCACAGTTACTGTCACTGCAGCAACCCTACTT,0.0002689376961004034
242,CTTACAGTTACGGTCACCGCAGCCACGCTTCTC,0.0002689376961004034
243,CTCACCGTTACTGTCACTGCCGCAACCCTACTT,0.0002689376961004034
244,CTGACAGTTACCGTCACTGCAGCCACTCTACTT,0.0002689376961004034
245,CTGACTGTTACCGTCACGGCAGCCACTCTCCTT,0.0002689376961004034
246,CTTACCGTTACCGTAACCGCAGCCACGCTACTT,0.0002689376961004034
247,CTGACAGTGACCGTCACAGCCGCCACTCTTCTT,0.0002689376961004034
248,CTGACTGTAACCGTCACTGCCGCCACTCTTCTC,0.0002689376961004034
249,CTTACAGTAACCGTAACCGCAGCAACCCTACTT,0.0002689376961004034
250,CTGACCGTAACGGTAACTGCCGCCACGCTGCTT,0.0002689376961004034
251,CTGACTGTTACCGTCACTGCAGCCACTCTACTT,0.0002689376961004034
252,CTGACAGTTACCGTTACTGCAGCCACGCTACTT,0.0002689376961004034
253,CTTACCGTTACGGTAACCGCTGCCACACTCCTT,0.0002689376961004034
254,CTGACTGTTACCGTCACTGCTGCCACTCTCCTT,0.0002689376961004034
255,CTTACAGTTACGGTCACTGCAGCCACCCTACTT,0.0002689376961004034
256,CTTACAGTCACGGTCACCGCCGCCACGCTTCTT,0.0002689376961004034
257,CTGACAGTCACCGTAACCGCCGCAACCCTTCTA,0.0002689376961004034
258,CTTACCGTTACCGTAACTGCAGCCACGCTTCTT,0.0002689376961004034
259,CTAACAGTAACCGTCACTGCCGCTACTCTGCTC,0.0002689376961004034
260,CTGACAGTTACCGTAACCGCCGCCACCCTTCTA,0.0002689376961004034
261,CTGACAGTGACCGTCACAGCCGCCACTCTTCTA,0.0002689376961004034
262,CTGACTGTTACCGTGACTGCTGCCACTCTACTA,0.0002689376961004034
263,CTGACAGTTACCGTTACAGCAGCAACCCTACTT,0.0002689376961004034
264,CTGACAGTTACGGTCACCGCCGCAACGCTTCTT,0.0002689376961004034
265,CTGACAGTGACCGTCACAGCAGCCACTCTCCTA,0.0002689376961004034
266,CTTACCGTTACCGTAACCGCAGCCACGCTTCTG,0.0002689376961004034
267,CTGACAGTTACCGTAACAGCAGCCACGCTTCTT,0.0002689376961004034
268,CTGACTGTTACTGTCACAGCAGCCACTCTCCTT,0.0002689376961004034
269,CTTACCGTAACCGTAACAGCAGCCACTCTACTT,0.0002689376961004034
270,CTCACAGTTACCGTCACAGCAGCAACCCTACTT,0.0002689376961004034
271,CTTACAGTAACCGTAACCGCCGCCACCCTACTT,0.0002689376961004034
272,CTGACTGTGACCGTGACTGCCGCCACTCTACTA,0.0002689376961004034
273,CTGACCGTCACCGTAACTGCAGCCACTCTTCTT,0.0002689376961004034
274,CTCACAGTTACCGTCACTGCAGCCACTCTCCTT,0.0002689376961004034
275,CTAACAGTAACGGTCACTGCCGCCACGCTGCTT,0.0002689376961004034
276,CTCACAGTGACCGTCACAGCCGCCACTCTACTT,0.0002689376961004034
277,CTTACCGTTACGGTAACCGCAGCCACGCTCCTG,0.0002689376961004034
278,CTTACAGTTACGGTCACCGCAGCAACGCTTCTT,0.0002689376961004034
279,CTTACCGTTACGGTCACTGCAGCAACGCTACTT,0.0002689376961004034
280,CTGACAGTCACCGTCACTGCCGCCACTCTTCTT,0.0002689376961004034
281,CTGACAGTTACCGTCACAGCAGCCACGCTACTT,0.0002689376961004034
282,CTCACAGTTACCGTCACTGCCGCCACTCTCCTT,0.0002689376961004034
283,CTGACTGTAACCGTTACAGCAGCAACCCTACTT,0.00017929179740026893
284,CTTACCGTAACCGTCACTGCCGCCACTCTGCTT,0.00017929179740026893
285,CTTACCGTTACCGTAACCGCAGCCACTCTACTT,0.00017929179740026893
286,CTTACTGTTACCGTCACCGCAGCAACTCTACTT,0.00017929179740026893
287,CTAACAGTAACCGTCACTGCGGCAACTCTGCTC,0.00017929179740026893
288,CTGACAGTTACCGTAACTGCCGCCACTCTTCTT,0.00017929179740026893
289,CTGACTGTGACCGTCACTGCTGCCACTCTACTT,0.00017929179740026893
290,CTTACCGTTACGGTAACTGCCGCCACGCTCCTG,0.00017929179740026893
291,CTGACAGTTACCGTCACAGCCGCCACTCTCCTG,0.00017929179740026893
292,CTCACAGTGACCGTCACTGCCGCCACTCTACTA,0.00017929179740026893
293,CTGACAGTCACCGTAACAGCAGCCACTCTACTC,0.00017929179740026893
294,CTTACAGTCACCGTTACAGCAGCCACACTACTT,0.00017929179740026893
295,CTTACCGTTACTGTCACTGCAGCAACGCTACTT,0.00017929179740026893
296,CTTACCGTTACCGTCACCGCAGCAACCCTACTT,0.00017929179740026893
297,CTTACCGTTACGGTAACCGCCGCGACACTCCTG,0.00017929179740026893
298,CTCACAGTGACGGTCACAGCCGCCACGCTCCTT,0.00017929179740026893
299,CTGACAGTTACCGTCACAGCTGCCACTCTCCTA,0.00017929179740026893
300,CTTACAGTTACCGTCACTGCAGCCACCCTACTT,0.00017929179740026893
301,CTTACAGTCACCGTCACAGCAGCCACTCTACTC,0.00017929179740026893
302,CTCACAGTTACCGTCACCGCAGCAACACTACTT,0.00017929179740026893
303,CTCACTGTTACTGTCACTGCAGCAACTCTACTT,0.00017929179740026893
304,CTAACGGTAACGGTAACGGCGGCAACCCTCCTT,0.00017929179740026893
305,CTCACAGTTACCGTCACTGCAGCCACGCTACTT,0.00017929179740026893
306,CTGACAGTTACCGTCACTGCAGCCACTCTTCTC,0.00017929179740026893
307,CTTACCGTTACGGTCACCGCTGCGACACTCCTG,0.00017929179740026893
308,CTTACCGTCACCGTCACCGCAGCCACTCTACTC,0.00017929179740026893
309,CTTACCGTTACGGTAACCGCAGCCACTCTACTC,0.00017929179740026893
310,CTGACAGTTACCGTCACAGCAGCCACGCTCCTT,0.00017929179740026893
311,CTTACCGTTACCGTCACTGCAGCCACTCTACTC,0.00017929179740026893
312,CTTACAGTTACCGTCACCGCAGCCACTCTACTG,0.00017929179740026893
313,CTGACAGTTACCGTCACTGCCGCCACGCTTCTC,0.00017929179740026893
314,CTCACAGTTACGGTCACTGCAGCAACGCTTCTT,0.00017929179740026893
315,CTGACCGTAACCGTAACAGCAGCCACGCTACTT,0.00017929179740026893
316,CTAACAGTAACCGTCACTGCCGCCACTCTACTC,0.00017929179740026893
317,CTCACAGTGACCGTCACAGCCGCCACTCTTCTA,0.00017929179740026893
318,CTGACGGTAACAGTGACTGCAGCAACTCTACTT,0.00017929179740026893
319,CTCACGGTGACGGTCACCGCCGCAACACTCCTT,0.00017929179740026893
320,CTGACTGTAACCGTCACTGCCGCAACACTTCTT,0.00017929179740026893
321,CTGACCGTTACTGTCACTGCCGCCACTCTCCTT,0.00017929179740026893
322,CTTACAGTAACAGTCACTGCCGCCACTCTGCTC,0.00017929179740026893
323,CTTACCGTTACTGTAACCGCCGCAACGCTGCTT,0.00017929179740026893
324,CTGACAGTTACCGTGACAGCAGCCACGCTACTG,0.00017929179740026893
325,CTGACAGTTACCGTCACTGCAGCAACCCTACTT,0.00017929179740026893
326,CTGACTGTAACCGTCACTGCAGCAACCCTACTT,0.00017929179740026893
327,CTCACAGTTACCGTCACTGCAGCCACTCTACTT,0.00017929179740026893
328,CTTACCGTTACCGTAACCGCCGCAACGCTACTT,0.00017929179740026893
329,CTCACAGTGACCGTCACTGCCGCCACTCTCCTC,0.00017929179740026893
330,CTTACAGTAACCGTAACAGCAGCCACCCTACTT,0.00017929179740026893
331,CTGACAGTAACAGTGACAGCAGCAACTCTACTT,0.00017929179740026893
332,CTTACAGTAACCGTCACTGCCGCCACGCTGCTT,0.00017929179740026893
333,CTCACCGTTACTGTCACTGCAGCAACGCTACTT,0.00017929179740026893
334,CTCACAGTAACCGTCACTGCCGCCACTCTGCTA,0.00017929179740026893
335,CTTACAGTTACCGTCACAGCCGCCACGCTCCTG,0.00017929179740026893
336,CTCACAGTTACCGTCACTGCAGCCACTCTACTA,0.00017929179740026893
337,CTTACAGTTACCGTCACCGCAGCCACGCTTCTC,0.00017929179740026893
338,CTGACAGTTACTGTCACAGCAGCCACTCTCCTT,0.00017929179740026893
339,CTGACAGTTACCGTTACAGCAGCCACTCTCCTT,0.00017929179740026893
340,CTGACCGTAACCGTGACTGCCGCAACCCTTCTC,0.00017929179740026893
341,CTGACAGTTACCGTTACAGCCGCCACGCTTCTG,0.00017929179740026893
342,CTTACCGTTACCGTCACCGCAGCAACACTACTT,0.00017929179740026893
343,CTTACCGTCACCGTTACCGCAGCAACACTACTT,0.00017929179740026893
344,CTGACAGTAACAGTGACAGCAGCCACCCTACTT,0.00017929179740026893
345,CTGACAGTTACCGTGACAGCAGCCACGCTTCTG,0.00017929179740026893
346,CTGACAGTAACCGTAACAGCAGCCACGCTTCTT,0.00017929179740026893
347,CTGACAGTTACCGTAACCGCCGCCACTCTTCTA,0.00017929179740026893
348,CTGACAGTAACAGTGACAGCAGCCACGCTACTT,0.00017929179740026893
349,CTGACAGTGACCGTCACAGCCGCCACTCTACTA,0.00017929179740026893
350,CTTACAGTTACCGTTACCGCAGCAACACTACTT,0.00017929179740026893
351,CTTACAGTCACCGTCACCGCCGCCACTCTACTT,0.00017929179740026893
352,CTTACCGTCACCGTTACCGCAGCCACTCTACTC,0.00017929179740026893
353,CTTACAGTTACGGTCACTGCCGCCACTCTCCTC,0.00017929179740026893
354,CTGACAGTTACCGTTACAGCCGCCACGCTTCTT,0.00017929179740026893
355,CTGACAGTTACCGTTACAGCAGCAACGCTTCTT,0.00017929179740026893
356,CTTACCGTTACCGTAACGGCGGCCACACTCCTA,0.00017929179740026893
357,CTGACGGTAACAGTGACAGCAGCAACGCTACTT,0.00017929179740026893
358,CTAACAGTCACGGTCACCGCAGCAACGCTTCTT,0.00017929179740026893
359,CTCACAGTTACCGTCACAGCCGCCACTCTCCTG,0.00017929179740026893
360,CTTACAGTTACCGTCACAGCAGCCACGCTTCTT,0.00017929179740026893
361,CTTACCGTAACGGTAACTGCAGCAACCCTACTT,0.00017929179740026893
362,CTTACTGTCACCGTTACTGCAGCCACGCTACTT,0.00017929179740026893
363,CTTACCGTAACCGTCACCGCAGCCACTCTACTC,0.00017929179740026893
364,CTCACAGTGACCGTCACCGCCGCCACTCTCCTA,0.00017929179740026893
365,CTCACAGTTACGGTCACTGCAGCCACGCTTCTT,0.00017929179740026893
366,CTAACAGTAACCGTCACTGCCGCAACTCTGCTC,0.00017929179740026893
367,CTGACTGTTACCGTCACAGCTGCCACTCTCCTT,0.00017929179740026893
368,CTTACCGTTACCGTCACTGCAGCCACCCTACTT,0.00017929179740026893
369,CTTACCGTTACGGTAACCGCTGCGACTCTCCTG,0.00017929179740026893
370,CTGACTGTAACCGTGACTGCAGCCACTCTACTA,0.00017929179740026893
371,CTGACAGTTACCGTCACTGCAGCAACGCTTCTT,0.00017929179740026893
372,CTGACTGTAACCGTTACTGCTGCCACTCTACTT,0.00017929179740026893
373,CTTACAGTTACGGTCACCGCCGCCACGCTTCTT,0.00017929179740026893
374,CTGACAGTAACCGTCACTGCCGCCACGCTGCTG,0.00017929179740026893
375,CTGACTGTTACCGTTACTGCAGCCACTCTACTT,0.00017929179740026893
376,CTTACTGTAACCGTCACTGCAGCAACTCTGCTC,0.00017929179740026893
377,CTTACAGTAACCGTTACCGCAGCAACACTACTT,0.00017929179740026893
378,CTTACTGTTACCGTCACTGCAGCAACACTACTT,0.00017929179740026893
379,CTTACCGTAACGGTAACTGCCGCCACTCTCCTT,0.00017929179740026893
380,CTGACTGTAACCGTCACTGCCGCTACACTTCTT,0.00017929179740026893
381,CTCACAGTGACCGTCACTGCCGCCACTCTACTT,0.00017929179740026893
382,CTCACAGTTACCGTCACAGCCGCCACTCTCCTT,0.00017929179740026893
383,CTTACCGTAACCGTAACTGCAGCCACGCTGCTT,0.00017929179740026893
384,CTTACCGTCACCGTAACCGCAGCCACGCTACTC,0.00017929179740026893
385,CTTACAGTAACCGTAACCGCAGCCACGCTACTT,0.00017929179740026893
386,CTGACAGTTACCGTCACTGCAGCAACCCTTCTT,0.00017929179740026893
387,CTGACAGTAACAGTCACTGCCGCCACTCTGCTT,0.00017929179740026893
388,CTGACAGTCACCGTCACAGCCGCCACGCTTCTT,0.00017929179740026893
389,CTCACCGTGACGGTCACTGCCGCAACGCTACTT,0.00017929179740026893
390,CTGACTGTTACTGTCACGGCCGCCACTCTCCTT,0.00017929179740026893
391,CTGACAGTCACCGTGACTGCCGCCACTCTTCTT,0.00017929179740026893
392,CTCACCGTGACCGTCACTGCAGCCACTCTACTT,0.00017929179740026893
393,CTCACAGTTACCGTCACAGCAGCCACTCTCCTA,0.00017929179740026893
394,CTTACCGTCACCGTAACCGCCGCCACTCTACTC,0.00017929179740026893
395,CTCACAGTAACCGTCACTGCCGCCACTCTCCTC,0.00017929179740026893
396,CTTACAGTAACGGTCACTGCAGCCACGCTGCTC,0.00017929179740026893
397,CTCACCGTAACGGTAACTGCCGCCACGCTGCTT,0.00017929179740026893
398,CTTACCGTTACGGTCACTGCAGCCACGCTGCTT,0.00017929179740026893
399,CTTACAGTTACCGTTACTGCAGCCACGCTTCTC,0.00017929179740026893
400,CTTACCGTTACTGTCACGGCCGCAACGCTGCTT,0.00017929179740026893
401,CTTACAGTAACCGTAACCGCCGCCACGCTACTT,0.00017929179740026893
402,CTGACAGTTACTGTCACGGCTGCCACTCTCCTT,0.00017929179740026893
403,CTTACCGTTACCGTAACCGCAGCCACTCTCCTG,0.00017929179740026893
404,CTCACAGTTACCGTCACAGCAGCCACGCTTCTA,0.00017929179740026893
405,CTTACCGTTACGGTAACTGCCGCCACTCTCCTT,0.00017929179740026893
406,CTTACAGTTACCGTCACAGCCGCCACTCTCCTA,0.00017929179740026893
407,CTGACCGTAACCGTAACTGCAGCCACGCTGCTT,0.00017929179740026893
408,CTGACAGTTACCGTGACAGCAGCCACGCTTCTT,0.00017929179740026893
409,CTCACCGTGACGGTCACTGCCGCCACGCTCCTT,0.00017929179740026893
410,CTGACAGTCACCGTGACTGCCGCCACTCTACTT,0.00017929179740026893
411,CTTACCGTAACCGTAACTGCCGCCACTCTGCTT,0.00017929179740026893
412,CTCACCGTTACTGTCACTGCCGCAACTCTACTT,0.00017929179740026893
413,CTTACAGTTACCGTCACCGCAGCCACGCTTCTT,0.00017929179740026893
414,CTTACAGTTACCGTTACTGCAGCCACGCTACTT,0.00017929179740026893
415,CTGACTGTGACCGTTACTGCAGCCACTCTACTT,0.00017929179740026893
416,CTTACAGTCACCGTCACCGCAGCAACACTACTT,0.00017929179740026893
417,CTTACAGTCACCGTCACTGCAGCCACTCTACTC,0.00017929179740026893
418,CTTACCGTAACCGTAACTGCAGCCACTCTACTT,0.00017929179740026893
419,CTTACCGTTACTGTCACTGCAGCCACCCTACTT,0.00017929179740026893
420,CTGACAGTTACCGTCACAGCAGCCACTCTACTA,0.00017929179740026893
421,CTTACAGTTACCGTTACTGCAGCCACGCTTCTT,0.00017929179740026893
422,CTTACAGTGACCGTAACAGCCGCCACTCTCCTA,0.00017929179740026893
423,CTGACAGTTACCGTCACTGCAGCCACTCTACTA,0.00017929179740026893
424,CTGACAGTCACCGTCACCGCAGCAACGCTTCTT,0.00017929179740026893
425,CTGACAGTTACCGTCACTGCCGCCACTCTCCTT,0.00017929179740026893
426,CTCACCGTTACTGTCACTGCAGCAACTCTACTT,0.00017929179740026893
427,CTGACTGTGACTGTAACTGCTGCTACCCTTCTT,0.00017929179740026893
428,CTTACAGTTACGGTAACCGCCGCCACGCTTCTT,0.00017929179740026893
429,CTCACCGTTACTGTCACTGCCGCAACCCTCCTT,0.00017929179740026893
430,CTTACAGTTACCGTCACAGCCGCCACTCTCCTT,0.00017929179740026893
431,CTTACAGTCACCGTTACCGCAGCCACGCTACTT,0.00017929179740026893
432,CTTACAGTGACCGTCACTGCCGCCACTCTCCTA,0.00017929179740026893
433,CTGACAGTTACCGTCACTGCAGCCACGCTTCTA,0.00017929179740026893
434,CTTACAGTCACCGTGACTGCAGCCACTCTACTT,0.00017929179740026893
435,CTGACAGTTACCGTCACAGCCGCCACTCTTCTG,0.00017929179740026893
436,CTGACAGTCACCGTGACAGCCGCCACTCTTCTT,0.00017929179740026893
437,CTGACAGTAACCGTCACTGCCGCCACGCTTCTT,0.00017929179740026893
438,CTGACAGTTACTGTCACGGCCGCCACTCTCCTT,0.00017929179740026893
439,CTAACAGTCACCGTCACCGCCGCAACTCTTCTT,0.00017929179740026893
440,CTTACCGTTACTGTAACCGCTGCCACTCTCCTT,0.00017929179740026893
441,CTTACAGTTACGGTCACTGCAGCAACGCTACTT,0.00017929179740026893
442,CTCACTGTAACAGTTACTGCTGCCACTCTACTT,0.00017929179740026893
443,CTGACTGTAACCGTCACTGCCGCCACGCTTCTT,0.00017929179740026893
444,CTTACAGTAACCGTAACCGCAGCCACTCTACTC,0.00017929179740026893
445,CTCACAGTTACCGTCACAGCAGCCACCCTACTT,0.00017929179740026893
446,CTGACTGTGACCGTCACTGCCGCCACTCTACTA,0.00017929179740026893
447,CTGACCGTTACCGTAACTGCCGCCACTCTCCTT,0.00017929179740026893
448,CTTACAGTAACCGTCACTGCAGCAACTCTACTT,0.00017929179740026893
449,CTCACCGTTACGGTCACTGCAGCAACCCTACTT,0.00017929179740026893
450,CTTACCGTCACGGTAACCGCCGCCACGCTTCTT,0.00017929179740026893
451,CTGACTGTCACCGTGACTGCAGCCACTCTACTT,0.00017929179740026893
452,CTTACCGTAACGGTCACTGCCGCAACGCTGCTT,0.00017929179740026893
453,CTTACTGTCACCGTTACTGCAGCAACACTACTT,0.00017929179740026893
454,CTCACCGTTACCGTCACTGCAGCCACGCTACTT,0.00017929179740026893
455,CTTACCGTTACCGTAACTGCAGCCACGCTACTT,0.00017929179740026893
456,CTTACTGTAACCGTCACTGCAGCAACTCTACTC,0.00017929179740026893
457,CTAACAGTAACAGTCACTGCCGCAACTCTGCTC,0.00017929179740026893
458,CTTACAGTAACCGTCACTGCCGCCACTCTACTT,0.00017929179740026893
459,CTGACTGTAACCGTGACTGCAGCAACCCTACTT,0.00017929179740026893
460,CTGACAGTAACAGTCACAGCAGCAACGCTTCTT,0.00017929179740026893
461,CTGACAGTGACCGTGACAGCTGCCACTCTACTA,0.00017929179740026893
462,CTCACAGTGACCGTCACCGCCGCCACTCTCCTT,0.00017929179740026893
463,CTTACAGTAACGGTCACAGCCGCCACGCTGCTT,0.00017929179740026893
464,CTGACAGTTACCGTCACCGCAGCCACGCTTCTT,0.00017929179740026893
465,CTGACCGTAACGGTAACAGCAGCCACGCTACTT,0.00017929179740026893
466,CTTACAGTAACAGTCACTGCCGCTACTCTGCTC,0.00017929179740026893
467,CTCACAGTAACCGTCACAGCCGCCACTCTCCTA,0.00017929179740026893
468,CTTACAGTTACCGTCACAGCAGCCACGCTTCTG,0.00017929179740026893
469,CTGACAGTTACCGTAACTGCCGCCACGCTTCTT,0.00017929179740026893
470,CTTACAGTTACGGTCACTGCAGCCACGCTACTC,0.00017929179740026893
471,CTGACAGTTACCGTAACAGCCGCCACGCTTCTG,0.00017929179740026893
472,CTTACAGTCACGGTCACTGCCGCCACGCTACTT,0.00017929179740026893
473,CTTACAGTTACGGTCACTGCAGCCACTCTTCTC,0.00017929179740026893
474,CTTACAGTTACCGTCACAGCAGCCACTCTCCTG,0.00017929179740026893
475,CTTACTGTCACCGTAACCGCAGCCACTCTACTC,0.00017929179740026893
476,CTTACTGTTACCGTCACCGCAGCAACACTACTT,0.00017929179740026893
477,CTGACAGTAACCGTCACTGCAGCCACTCTGCTC,0.00017929179740026893
478,CTTACAGTAACGGTCACTGCCGCCACTCTGCTC,0.00017929179740026893
479,CTCACAGTTACCGTCACCGCAGCCACTCTACTT,0.00017929179740026893
480,CTAACTGTGACTGTAACTGCAGCCACGCTCCTT,0.00017929179740026893
481,CTTACAGTCACCGTCACCGCAGCCACGCTACTT,0.00017929179740026893
482,CTTACAGTTACCGTCACTGCAGCAACCCTACTT,0.00017929179740026893
483,CTAACAGTAACAGTCACTGCCGCCACTCTGCTT,0.00017929179740026893
484,CTGACAGTAACCGTCACAGCAGCCACCCTACTT,0.00017929179740026893
485,CTTACCGTAACCGTAACTGCAGCCACTCTACTC,0.00017929179740026893
486,CTGACTGTAACCGTGACAGCAGCAACCCTACTT,0.00017929179740026893
487,CTGACAGTTACCGTCACAGCAGCCACTCTACTC,0.00017929179740026893
488,CTGACAGTTACCGTTACTGCAGCCACGCTACTG,0.00017929179740026893
489,CTCACGGTGACCGTCACCGCCGCAACACTCCTC,0.00017929179740026893
490,CTGACAGTTACCGTAACAGCAGCAACCCTTCTT,0.00017929179740026893
491,CTTACCGTTACCGTCACTGCAGCAACACTACTT,0.00017929179740026893
492,CTTACAGTTACCGTAACCGCAGCCACGCTTCTC,0.00017929179740026893
493,CTTACCGTTACCGTAACAGCAGCCACGCTTCTG,0.00017929179740026893
494,CTGACAGTAACAGTCACTGCAGCAACTCTACTC,0.00017929179740026893
495,CTTACAGTTACCGTCACTGCAGCCACTCTACTC,0.00017929179740026893
496,CTGACAGTAACAGTGACTGCAGCAACCCTACTT,8.964589870013447e-05
497,CTGACTGTAACCGTGACTGCAGCAACTCTACTT,8.964589870013447e-05
498,CTGACCGTTACCGTAACTGCAGCCACTCTACTC,8.964589870013447e-05
499,CTTACGGTCACCGTTACCGCAGCAACCCTACTT,8.964589870013447e-05
500,CTCACAGTTACCGTCACAGCAGCCACTCTACTT,8.964589870013447e-05
501,CTGACCGTCACCGTAACAGCAGCCACTCTACTC,8.964589870013447e-05
502,CTTACAGTAACAGTCACTGCAGCAACGCTACTT,8.964589870013447e-05
503,CTTACCGTCACCGTCACCGCAGCCACTCTACTT,8.964589870013447e-05
504,CTCACAGTGACGGTCACAGCCGCCACGCTTCTT,8.964589870013447e-05
505,CTGACTGTAACCGTCACTGCCGCAACACTACTT,8.964589870013447e-05
506,CTCACAGTTACCGTCACTGCAGCCACTCTTCTC,8.964589870013447e-05
507,CTGACGGTAACGGTGACAGCCGCAACGCTACTT,8.964589870013447e-05
508,CTCACAGTTACCGTCACAGCAGCAACTCTACTT,8.964589870013447e-05
509,CTTACAGTGACCGTCACTGCCGCCACTCTGCTA,8.964589870013447e-05
510,CTTACCGTTACGGTAACCGCAGCGACACTACTG,8.964589870013447e-05
511,CTGACGGTGACCGTGACAGCAGCCACCCTACTA,8.964589870013447e-05
512,CTTACCGTGACCGTAACCGCAGCCACTCTACTA,8.964589870013447e-05
513,CTGACAGTCACCGTTACAGCAGCCACTCTCCTT,8.964589870013447e-05
514,CTGACCGTCACCGTAACTGCCGCCACTCTACTT,8.964589870013447e-05
515,CTGACCGTAACGGTAACAGCAGCCACGCTGCTT,8.964589870013447e-05
516,CTTACAGTCACCGTAACCGCAGCCACACTACTT,8.964589870013447e-05
517,CTTACCGTTACGGTAACCGCTGCAACACTCCTT,8.964589870013447e-05
518,CTTACAGTTACCGTTACCGCAGCCACACTTCTG,8.964589870013447e-05
519,CTGACCGTCACCGTAACTGCAGCCACTCTCCTT,8.964589870013447e-05
520,CTTACCGTTACCGTAACCGCAGCCACACTACTG,8.964589870013447e-05
521,CTTACAGTAACCGTAACTGCGGCCACCCTACTT,8.964589870013447e-05
522,CTTACGGTTACTGTCACCGCCGCCACCCTCCTA,8.964589870013447e-05
523,CTGACTGTTACGGTCACCGCTGCCACTCTCCTT,8.964589870013447e-05
524,CTAACAGTCACGGTCACCGCCGCAACGCTACTT,8.964589870013447e-05
525,CTCACAGTGACGGTCACAGCCGCCACTCTCCTA,8.964589870013447e-05
526,CTCACAGTTACCGTCACAGCAGCCACCCTCCTG,8.964589870013447e-05
527,CTTACCGTTACGGTGACAGCAGCAACCCTACTT,8.964589870013447e-05
528,CTTACAGTTACCGTCACTGCCGCCACTCTCCTT,8.964589870013447e-05
529,CTCACCGTGACGGTCACCGCAGCAACACTACTT,8.964589870013447e-05
530,CTGACAGTTACCGTTACAGCAGCAACACTACTT,8.964589870013447e-05
531,CTGACAGTTACCGTAACCGCAGCAACGCTTCTT,8.964589870013447e-05
532,CTTACGGTGACGGTCACCGCAGCAACACTACTC,8.964589870013447e-05
533,CTGACAGTTACCGTCACAGCAGCAACCCTTCTT,8.964589870013447e-05
534,CTGACAGTTACGGTCACAGCCGCCACGCTTCTT,8.964589870013447e-05
535,CTTACTGTCACCGTAACCGCTGCCACACTACTT,8.964589870013447e-05
536,CTGACAGTTACCGTCACCGCCGCAACCCTTCTA,8.964589870013447e-05
537,CTTACCGTTACGGTAACTGCCGCCACACTCCTT,8.964589870013447e-05
538,CTAACAGTAACCGTCACTGCCGCAACTCTTCTC,8.964589870013447e-05
539,CTTACAGTTACAGTAACCGCAGCCACCCTGCTG,8.964589870013447e-05
540,CTGACTGTCACCGTTACAGCAGCAACACTACTT,8.964589870013447e-05
541,CTGACAGTCACCGTTACAGCAGCCACGCTTCTT,8.964589870013447e-05
542,CTTACCGTTACGGTCACTGCCGCCACTCTCCTT,8.964589870013447e-05
543,CTTACAGTCACCGTGACCGCAGCCACCCTACTT,8.964589870013447e-05
544,CTGACCGTAACGGTAACTGCCGCCACGCTACTT,8.964589870013447e-05
545,CTTACCGTCACCGTAACCGCAGCAACTCTACTC,8.964589870013447e-05
546,CTTACAGTTACGGTCACTGCAGCAACCCTACTT,8.964589870013447e-05
547,CTGACAGTAACCGTCACTGCCGCCACTCTACTC,8.964589870013447e-05
548,CTTACCGTTACGGTAACTGCCGCAACGCTGCTT,8.964589870013447e-05
549,CTTACCGTTACGGTAACAGCAGCCACACTCCTG,8.964589870013447e-05
550,CTTACCGTCACCGTAACTGCCGCCACTCTACTT,8.964589870013447e-05
551,CTGACAGTGACCGTAACTGCAGCCACTCTACTA,8.964589870013447e-05
552,CTTACAGTCACCGTTACCGCAGCAACGCTTCTT,8.964589870013447e-05
553,CTGACGGTTACGGTGACAGCAGCAACCCTACTT,8.964589870013447e-05
554,CTTACAGTTACCGTTACCGCAGCCACGCTTCTT,8.964589870013447e-05
555,CTCACCGTCACCGTAACCGCTGCCACCCTACTT,8.964589870013447e-05
556,CTTACAGTTACCGTCACTGCAGCCACTCTACTT,8.964589870013447e-05
557,CTGACCGTAACTGTAACTGCCGCTACTCTCCTT,8.964589870013447e-05
558,CTGACTGTTACTGTCACAGCTGCCACACTACTT,8.964589870013447e-05
559,CTTACAGTTACGGTCACCGCAGCAACACTCCTG,8.964589870013447e-05
560,CTTACTGTCACCGTTACCGCAGCCACGCTACTT,8.964589870013447e-05
561,CTGACAGTTACCGTCACTGCAGCCACGCTACTC,8.964589870013447e-05
562,CTCACAGTCACCGTCACCGCCGCAACTCTACTT,8.964589870013447e-05
563,CTTACCGTTACGGTCACTGCAGCCACGCTACTC,8.964589870013447e-05
564,CTGACAGTTACCGTAACTGCCGCCACTCTACTC,8.964589870013447e-05
565,CTGACCGTAACCGTCACTGCAGCCACGCTTCTC,8.964589870013447e-05
566,CTGACTGTGACCGTGACCGCTGCCACTCTACTA,8.964589870013447e-05
567,CTTACGGTTACGGTCACCGCTGCAACACTCCTG,8.964589870013447e-05
568,CTAACAGTCACGGTCACCGCAGCCACGCTTCTT,8.964589870013447e-05
569,CTTACCGTCACCGTAACCGCAGCAACCCTACTT,8.964589870013447e-05
570,CTTACCGTCACCGTGACTGCTGCCACTCTACTC,8.964589870013447e-05
571,CTGACTGTGACCGTCACTGCAGCAACTCTACTT,8.964589870013447e-05
572,CTCACAGTTACGGTCACCGCAGCAACGCTACTT,8.964589870013447e-05
573,CTTACAGTTACCGTCACTGCAGCCACGCTTCTG,8.964589870013447e-05
574,CTGACTGTAACCGTCACTGCCGCTACTCTTCTC,8.964589870013447e-05
575,CTGACAGTCACGGTTACCGCAGCAACGCTTCTT,8.964589870013447e-05
576,CTGACTGTAACCGTCACCGCAGCCACCCTACTC,8.964589870013447e-05
577,CTGACAGTCACCGTCACCGCCGCCACGCTTCTT,8.964589870013447e-05
578,CTGACTGTAACCGTCACTGCAGCAACCCTTCTT,8.964589870013447e-05
579,CTGACCGTAACCGTAACAGCAGCCACTCTACTT,8.964589870013447e-05
580,CTTACCGTAACCGTCACTGCCGCCACGCTTCTC,8.964589870013447e-05
581,CTGACCGTTACTGTCACTGCAGCAACTCTACTT,8.964589870013447e-05
582,CTGACAGTCACCGTCACTGCCGCGACTCTTCTT,8.964589870013447e-05
583,CTTACCGTAACCGTAACTGCCGCCACTCTGCTC,8.964589870013447e-05
584,CTCACGGTGACCGTCACCGCCGCCACTCTCCTA,8.964589870013447e-05
585,CTGACAGTTACCGTAACAGCAGCCACGCTCCTG,8.964589870013447e-05
586,CTTACCGTTACGGTAACTGCAGCGACACTCCTT,8.964589870013447e-05
587,CTTACCGTCACCGTAACCGCAGCAACGCTACTT,8.964589870013447e-05
588,CTTACTGTAACCGTCACTGCCGCCACTCTACTC,8.964589870013447e-05
589,CTGACCGTTACAGTAACAGCAGCAACGCTACTT,8.964589870013447e-05
590,CTTACAGTAACAGTCACTGCCGCTACTCTGCTT,8.964589870013447e-05
591,CTCACAGTAACAGTCACAGCCGCCACTCTCCTT,8.964589870013447e-05
592,CTTACAGTAACCGTCACAGCAGCCACCCTACTT,8.964589870013447e-05
593,CTGACAGTTACCGTCACCGCCGCCACTCTTCTA,8.964589870013447e-05
594,CTGACAGTCACCGTTACCGCAGCAACGCTTCTT,8.964589870013447e-05
595,CTTACAGTTACCGTCACTGCAGCCACACTTCTG,8.964589870013447e-05
596,CTTACAGTGACCGTCACTGCCGCCACTCTACTA,8.964589870013447e-05
597,CTTACAGTTACGGTCACCGCCGCCACTCTCCTT,8.964589870013447e-05
598,CTTACTGTTACCGTTACAGCAGCAACCCTACTT,8.964589870013447e-05
599,CTTACCGTTACGGTAACCGCTGCCACTCTCCTG,8.964589870013447e-05
600,CTGACCGTAACCGTGACTGCCGCCACCCTTCTC,8.964589870013447e-05
601,CTGACAGTGACCGTCACTGCCGCTACTCTCCTC,8.964589870013447e-05
602,CTAACAGTCACGGTCACTGCCGCCACTCTCCTT,8.964589870013447e-05
603,CTCACAGTCACAGTCACTGCCGCAACTCTTCTT,8.964589870013447e-05
604,CTTACAGTAACCGTCACTGCCGCCACGCTTCTC,8.964589870013447e-05
605,CTGACGGTTACTGTCACAGCAGCCACCCTACTT,8.964589870013447e-05
606,CTGACCGTAACCGTGACTGCCGCCACTCTACTT,8.964589870013447e-05
607,CTTACAGTAACCGTAACAGCCGCCACCCTACTT,8.964589870013447e-05
608,CTTACGGTGACGGTCACTGCCGCCACGCTCCTC,8.964589870013447e-05
609,CTGACAGTAACCGTTACAGCAGCCACGCTTCTT,8.964589870013447e-05
610,CTGACAGTAACCGTCACTGCCGCCACTCTGCTT,8.964589870013447e-05
611,CTGACAGTCACCGTGACTGCCGCGACTCTACTT,8.964589870013447e-05
612,CTGACAGTAACAGTGACAGCAGCCACGCTTCTT,8.964589870013447e-05
613,CTGACTGTAACCGTCACTGCAGCCACACTTCTC,8.964589870013447e-05
614,CTTACCGTAACGGTAACTGCCGCCACCCTACTT,8.964589870013447e-05
615,CTTACAGTGACCGTCACCGCAGCCACTCTACTA,8.964589870013447e-05
616,CTTACAGTTACCGTAACCGCAGCCACGCTACTT,8.964589870013447e-05
617,CTTACTGTCACCGTCACCGCAGCCACACTACTT,8.964589870013447e-05
618,CTTACTGTAACCGTCACTGCAGCCACTCTGCTC,8.964589870013447e-05
619,CTGACAGTTACCGTGACTGCAGCCACGCTTCTT,8.964589870013447e-05
620,CTGACAGTCACAGTGACAGCAGCAACTCTTCTT,8.964589870013447e-05
621,CTGACAGTTACTGTCACGGCAGCCACTCTCCTT,8.964589870013447e-05
622,CTTACTGTAACCGTTACTGCAGCAACACTACTT,8.964589870013447e-05
623,CTTACAGTTACCGTTACCGCAGCCACACTCCTT,8.964589870013447e-05
624,CTAACAGTAACGGTCACTGCCGCCACGCTTCTT,8.964589870013447e-05
625,CTTACCGTTACCGTAACAGCCGCCACGCTGCTT,8.964589870013447e-05
626,CTGACAGTAACCGTCACAGCCGCCACGCTGCTT,8.964589870013447e-05
627,CTGACTGTAACCGTCACTGCAGCCACACTACTT,8.964589870013447e-05
628,CTTACTGTTACCGTCACTGCTGCCACTCTCCTT,8.964589870013447e-05
629,CTTACTGTAACTGTAACTGCAGCCACCCTTCTC,8.964589870013447e-05
630,CTTACAGTAACCGTAACTGCCGCCACCCTGCTT,8.964589870013447e-05
631,CTTACAGTGACGGTCACTGCCGCCACGCTTCTC,8.964589870013447e-05
632,CTTACAGTTACCGTTACAGCAGCCACGCTTCTC,8.964589870013447e-05
633,CTTACAGTTACGGTCACCGCCGCAACACTCCTT,8.964589870013447e-05
634,CTCACCGTAACTGTCACTGCAGCAACCCTACTT,8.964589870013447e-05
635,CTGACAGTTACAGTCACTGCAGCCACTCTACTT,8.964589870013447e-05
636,CTCACTGTGACCGTCACTGCAGCCACTCTACTA,8.964589870013447e-05
637,CTGACAGTTACCGTAACAGCAGCCACACTCCTG,8.964589870013447e-05
638,CTTACCGTCACCGTAACCGCAGCCACGCTACTT,8.964589870013447e-05
639,CTGACAGTTACTGTCACTGCAGCCACTCTACTT,8.964589870013447e-05
640,CTTACAGTAACGGTAACTGCAGCCACGCTACTT,8.964589870013447e-05
641,CTGACGGTAACAGTCACCGCAGCAACCCTACTT,8.964589870013447e-05
642,CTTACAGTTACGGTAACTGCCGCCACGCTGCTG,8.964589870013447e-05
643,CTTACCGTTACCGTAACTGCCGCAACGCTGCTT,8.964589870013447e-05
644,CTGACAGTTACGGTTACAGCAGCCACGCTTCTT,8.964589870013447e-05
645,CTTACTGTAACCGTCACTGCCGCCACTCTGCTC,8.964589870013447e-05
646,CTGACAGTTACCGTCACTGCAGCCACGCTACTT,8.964589870013447e-05
647,CTGACAGTCACCGTTACCGCAGCCACTCTACTG,8.964589870013447e-05
648,CTTACAGTAACCGTTACTGCAGCCACACTTCTC,8.964589870013447e-05
649,CTTACCGTTACGGTAACAGCAGCCACGCTCCTG,8.964589870013447e-05
650,CTGACTGTTACCGTGACTGCTGCCACTCTACTT,8.964589870013447e-05
651,CTGACTGTTACCGTCACTGCCGCCACACTTCTC,8.964589870013447e-05
652,CTGACAGTTACCGTCACTGCAGCAACTCTACTC,8.964589870013447e-05
653,CTAACTGTAACCGTCACTGCAGCAACCCTGCTC,8.964589870013447e-05
654,CTGACTGTTACCGTCACTGCTGCCACTCTCCTC,8.964589870013447e-05
655,CTTACAGTTACCGTCACCGCAGCCACTCTACTC,8.964589870013447e-05
656,CTTACAGTTACGGTCACTGCAGCCACTCTCCTC,8.964589870013447e-05
657,CTTACAGTTACCGTCACAGCAGCCACTCTACTT,8.964589870013447e-05
658,CTTACAGTAACCGTTACAGCAGCAACGCTACTT,8.964589870013447e-05
659,CTTACCGTTACCGTTACAGCAGCCACGCTTCTT,8.964589870013447e-05
660,CTCACCGTTACGGTAACCGCTGCGACACTCCTG,8.964589870013447e-05
661,CTGACCGTTACCGTCACCGCAGCCACTCTACTT,8.964589870013447e-05
662,CTGACTGTTACCGTGACTGCAGCCACTCTACTA,8.964589870013447e-05
663,CTAACAGTTACCGTCACTGCCGCAACTCTACTT,8.964589870013447e-05
664,CTGACCGTTACCGTAACAGCAGCCACCCTACTT,8.964589870013447e-05
665,CTCACCGTGACCGTCACCGCAGCCACTCTACTC,8.964589870013447e-05
666,CTGACCGTCACCGTCACTGCCGCCACTCTACTT,8.964589870013447e-05
667,CTGACAGTCACGGTGACTGCTGCGACTCTTCTT,8.964589870013447e-05
668,CTTACCGTAACGGTAACCGCAGCCACTCTACTC,8.964589870013447e-05
669,CTTACTGTCACCGTCACCGCCGCAACACTCCTT,8.964589870013447e-05
670,CTGACCGTTACCGTTACCGCCGCCACCCTTCTT,8.964589870013447e-05
671,CTTACCGTTACCGTAACGGCAGCAACGCTGCTT,8.964589870013447e-05
672,CTTACAGTAACGGTTACTGCAGCCACGCTACTT,8.964589870013447e-05
673,CTGACTGTCACCGTCACCGCAGCAACTCTACTT,8.964589870013447e-05
674,CTTACCGTTACCGTAACAGCAGCCACGCTTCTT,8.964589870013447e-05
675,CTTACCGTTACCGTAACTGCAGCGACCCTACTT,8.964589870013447e-05
676,CTTACCGTTACCGTAACTGCAGCCACCCTACTC,8.964589870013447e-05
677,CTGACAGTTACGGTTACAGCAGCCACGCTACTC,8.964589870013447e-05
678,CTTACAGTAACGGTAACTGCCGCAACGCTTCTT,8.964589870013447e-05
679,CTCACAGTTACCGTCACTGCAGCAACTCTACTC,8.964589870013447e-05
680,CTGACAGTAACAGTCACTGCCGCAACTCTACTC,8.964589870013447e-05
681,CTTACAGTTACAGTCACTGCAGCCACTCTTCTC,8.964589870013447e-05
682,CTGACTGTAACCGTGACAGCAGCCACTCTACTT,8.964589870013447e-05
683,CTGACAGTTACCGTAACAGCAGCCACTCTACTA,8.964589870013447e-05
684,CTGACAGTTACAGTCACTGCCGCCACTCTGCTC,8.964589870013447e-05
685,CTCACAGTAACCGTCACAGCAGCCACTCTACTT,8.964589870013447e-05
686,CTCACGGTGACGGTCACCGCCGCAACCCTACTT,8.964589870013447e-05
687,CTCACAGTGACCGTCACAGCCGCCACGCTCCTC,8.964589870013447e-05
688,CTTACAGTTACCGTCACAGCAGCCACGCTTCTA,8.964589870013447e-05
689,CTCACAGTTACGGTCACTGCAGCCACCCTACTT,8.964589870013447e-05
690,CTTACCGTGACGGTCACCGCCGCAACACTACTC,8.964589870013447e-05
691,CTTACAGTTACCGTTACCGCAGCCACACTCCTG,8.964589870013447e-05
692,CTTACAGTTACCGTCACTGCAGCCACGCTACTT,8.964589870013447e-05
693,CTGACAGTAACAGTGACTGCAGCCACTCTACTT,8.964589870013447e-05
694,CTTACCGTCACCGTCACCGCAGCAACCCTACTT,8.964589870013447e-05
695,CTTACAGTTACCGTTACCGCAGCCACGCTTCTG,8.964589870013447e-05
696,CTTACAGTTACCGTCACCGCAGCCACTCTACTT,8.964589870013447e-05
697,CTGACAGTTACCGTAACAGCCGCAACCCTTCTA,8.964589870013447e-05
698,CTTACCGTTACGGTCACTGCAGCCACGCTTCTC,8.964589870013447e-05
699,CTTACAGTGACGGTCACTGCCGCCACTCTCCTT,8.964589870013447e-05
700,CTCACAGTAACAGTCACTGCCGCTACTCTACTT,8.964589870013447e-05
701,CTGACAGTTACCGTTACTGCAGCCACTCTTCTA,8.964589870013447e-05
702,CTCACAGTGACGGTCACCGCCGCCACACTCCTC,8.964589870013447e-05
703,CTAACAGTAACAGTCACTGCCGCTACTCTTCTC,8.964589870013447e-05
704,CTGACCGTTACCGTTACTGCAGCCACGCTTCTT,8.964589870013447e-05
705,CTGACGGTAACAGTGACTGCAGCAACCCTACTT,8.964589870013447e-05
706,CTGACTGTAACCGTCACAGCAGCCACTCTACTT,8.964589870013447e-05
707,CTGACGGTTACAGTAACAGCAGCCACCCTACTT,8.964589870013447e-05
708,CTGACTGTAACCGTCACTGCGGCCACTCTGCTC,8.964589870013447e-05
709,CTGACAGTTACGGTCACAGCAGCAACCCTACTT,8.964589870013447e-05
710,CTGACCGTTACCGTAACTGCTGCCACTCTACTG,8.964589870013447e-05
711,CTCACGGTAACAGTCACAGCAGCAACCCTACTT,8.964589870013447e-05
712,CTTACAGTTACGGTAACCGCCGCAACGCTTCTT,8.964589870013447e-05
713,CTTACAGTCACCGTTACCGCAGCAACCCTACTT,8.964589870013447e-05
714,CTGACTGTAACCGTGACAGCAGCAACACTACTT,8.964589870013447e-05
715,CTTACAGTAACCGTTACAGCAGCCACACTACTT,8.964589870013447e-05
716,CTGACTGTAACCGTCACTGCCGCAACTCTGCTT,8.964589870013447e-05
717,CTTACCGTTACCGTCACTGCCGCCACTCTGCTC,8.964589870013447e-05
718,CTGACAGTTACGGTCACAGCAGCCACACTCCTG,8.964589870013447e-05
719,CTGACAGTCACCGTTACCGCAGCAACACTACTT,8.964589870013447e-05
720,CTCACAGTCACCGTGACCGCTGCCACCCTACTT,8.964589870013447e-05
721,CTTACCGTAACCGTTACAGCAGCAACACTACTC,8.964589870013447e-05
722,CTGACAGTTACCGTTACAGCAGCCACGCTTCTC,8.964589870013447e-05
723,CTTACCGTAACGGTAACAGCCGCCACGCTGCTT,8.964589870013447e-05
724,CTCACTGTGACGGTCACTGCCGCCACTCTACTC,8.964589870013447e-05
725,CTGACAGTTACCGTTACCGCAGCAACGCTTCTT,8.964589870013447e-05
726,CTCACGGTGACGGTCACAGCCGCAACCCTCCTT,8.964589870013447e-05
727,CTTACAGTGACCGTCACCGCAGCCACTCTACTT,8.964589870013447e-05
728,CTGACCGTTACCGTGACTGCAGCCACCCTACTT,8.964589870013447e-05
729,CTTACCGTAACGGTAACAGCAGCCACGCTACTT,8.964589870013447e-05
730,CTTACAGTAACCGTAACTGCAGCCACCCTACTT,8.964589870013447e-05
731,CTAACAGTAACGGTCACTGCCGCCACTCTGCTT,8.964589870013447e-05
732,CTGACCGTCACTGTAACTGCAGCTACTCTCCTT,8.964589870013447e-05
733,CTGACAGTAACAGTGACTGCCGCCACTCTACTT,8.964589870013447e-05
734,CTTACAGTCACCGTCACTGCCGCCACTCTTCTT,8.964589870013447e-05
735,CTTACCGTCACCGTCACCGCAGCCACCCTACTC,8.964589870013447e-05
736,CTTACAGTGACCGTCACTGCCGCCACTCTACTT,8.964589870013447e-05
737,CTTACAGTAACCGTCACTGCAGCAACCCTACTT,8.964589870013447e-05
738,CTTACAGTAACCGTCACTGCAGCAACGCTTCTC,8.964589870013447e-05
739,CTGACAGTTACCGTTACTGCAGCCACGCTGCTT,8.964589870013447e-05
740,CTAACAGTAACCGTCACTGCAGCCACTCTCCTC,8.964589870013447e-05
741,CTGACAGTAACAGTCACTGCCGCAACTCTACTT,8.964589870013447e-05
742,CTGACCGTTACTGTGACAGCAGCAACCCTACTT,8.964589870013447e-05
743,CTTACCGTAACGGTAACTGCAGCAACGCTACTT,8.964589870013447e-05
744,CTTACTGTGACCGTTACCGCAGCAACACTACTT,8.964589870013447e-05
745,CTTACAGTCACCGTCACCGCCGCAACGCTACTT,8.964589870013447e-05
746,CTGACAGTTACAGTGACTGCCGCCACTCTTCTT,8.964589870013447e-05
747,CTTACAGTTACAGTCACCGCAGCCACTCTGCTC,8.964589870013447e-05
748,CTGACTGTCACCGTTACAGCAGCAACCCTACTT,8.964589870013447e-05
749,CTGACAGTAACAGTGACTGCCGCGACTCTTCTT,8.964589870013447e-05
750,CTGACCGTTACCGTAACAGCAGCCACGCTGCTG,8.964589870013447e-05
751,CTGACGGTAACCGTTACAGCAGCAACCCTACTT,8.964589870013447e-05
752,CTGACAGTCACCGTGACCGCTGCCACCCTACTT,8.964589870013447e-05
753,CTGACCGTAACTGTAACTGCCGCCACTCTCCTT,8.964589870013447e-05
754,CTGACAGTTACCGTAACAGCTGCCACACTCCTG,8.964589870013447e-05
755,CTGACAGTCACGGTCACCGCCGCAACGCTACTT,8.964589870013447e-05
756,CTGACTGTGACCGTGACAGCAGCAACTCTACTT,8.964589870013447e-05
757,CTGACAGTTACGGTCACTGCAGCAACGCTTCTT,8.964589870013447e-05
758,CTGACAGTTACTGTCACTGCAGCCACGCTTCTT,8.964589870013447e-05
759,CTGACAGTTACCGTCACAGCCGCCACGCTCCTG,8.964589870013447e-05
760,CTTACTGTGACCGTCACTGCAGCAACACTACTC,8.964589870013447e-05
761,CTCACGGTGACGGTCACCGCCGCAACACTACTC,8.964589870013447e-05
762,CTTACCGTCACGGTCACTGCCGCCACGCTTCTT,8.964589870013447e-05
763,CTCACAGTCACCGTGACCGCCGCGACCCTTCTT,8.964589870013447e-05
764,CTTACTGTAACCGTCACTGCAGCCACTCTACTC,8.964589870013447e-05
765,CTTACAGTCACCGTTACAGCAGCTACGCTTCTC,8.964589870013447e-05
766,CTAACAGTAACAGTCACAGCCGCCACTCTGCTC,8.964589870013447e-05
767,CTCACCGTTACTGTCACTGCAGCAACCCTACCT,8.964589870013447e-05
768,CTTACAGTAACCGTCACCGCAGCGACCCTACTT,8.964589870013447e-05
769,CTGACCGTAACGGTGACTGCCGCCACGCTACTT,8.964589870013447e-05
770,CTTACCGTTACGGTCACCGCTGCCACTCTCCTT,8.964589870013447e-05
771,CTTACAGTTACAGTCACCGCAGCCACTCTACTT,8.964589870013447e-05
772,CTAACAGTAACCGTCACTGCCGCCACTCTTCTC,8.964589870013447e-05
773,CTTACTGTTACTGTCACTGCAGCCACTCTACTT,8.964589870013447e-05
774,CTTACAGTTACCGTAACCGCAGCCACTCTACTT,8.964589870013447e-05
775,CTCACAGTCACCGTCACCGCCGCCACGCTTCTT,8.964589870013447e-05
776,CTTACCGTCACCGTCACAGCAGCCACTCTACTT,8.964589870013447e-05
777,CTGACAGTTACCGTGACAGCAGCAACGCTACTT,8.964589870013447e-05
778,CTAACAGTCACCGTCACCGCCGCCACTCTTCTT,8.964589870013447e-05
779,CTTACCGTTACCGTAACTGCAGCCACTCTACTC,8.964589870013447e-05
780,CTTACCGTTACGGTAACTGCAGCCACGCTCCTG,8.964589870013447e-05
781,CTTACAGTTACCGTCACTGCAGCAACGCTACTT,8.964589870013447e-05
782,CTTACCGTAACCGTAACCGCCGCCACGCTGCTT,8.964589870013447e-05
783,CTCACCGTGACGGTCACCGCAGCAACACTACTC,8.964589870013447e-05
784,CTCACAGTGACCGTCACAGCAGCAACTCTACTT,8.964589870013447e-05
785,CTGACAGTCACAGTCACTGCCGCCACTCTGCTT,8.964589870013447e-05
786,CTTACGGTAACCGTAACCGCAGCCACCCTACTT,8.964589870013447e-05
787,CTTACAGTAACCGTAACAGCCGCCACGCTGCTT,8.964589870013447e-05
788,CTTACAGTTACCGTAACAGCAGCCACTCTACTT,8.964589870013447e-05
789,CTTACTGTTACTGTCACCGCTGCCACTCTCCTT,8.964589870013447e-05
790,CTGACGGTAACAGTGACCGCAGCAACCCTACTT,8.964589870013447e-05
791,CTTACAGTTACCGTCACTGCAGCCACGCTACTC,8.964589870013447e-05
792,CTCACAGTAACAGTCACTGCCGCAACTCTACTT,8.964589870013447e-05
793,CTGACAGTCACCGTTACCGCAGCCACGCTACTC,8.964589870013447e-05
794,CTTACAGTAACCGTCACAGCCGCCACGCTACTT,8.964589870013447e-05
795,CTCACAGTGACGGTCACCGCCGCCACACTCCTA,8.964589870013447e-05
796,CTCACAGTGACCGTCACCGCCGCCACTCTCCTC,8.964589870013447e-05
797,CTTACCGTAACGGTAACTGCAGCCACCCTACTT,8.964589870013447e-05
798,CTTACCGTCACCGTTACCGCAGCAACTCTACTT,8.964589870013447e-05
799,CTGACAGTAACGGTCACAGCCGCAACCCTACTT,8.964589870013447e-05
800,CTCACAGTTACCGTCACCGCAGCAACCCTACTT,8.964589870013447e-05
801,CTGACTGTAACCGTCACTGCCGCCACTCTACTT,8.964589870013447e-05
802,CTCACAGTTACCGTCACTGCAGCAACCCTACTT,8.964589870013447e-05
803,CTTACAGTGACCGTCACTGCAGCCACTCTACTC,8.964589870013447e-05
804,CTTACCGTTACGGTAACTGCAGCCACGCTACTC,8.964589870013447e-05
805,CTAACAGTGACGGTCACCGCCGCAACGCTCCTC,8.964589870013447e-05
806,CTTACAGTTACGGTCACTGCAGCCACGCTGCTT,8.964589870013447e-05
807,CTGACAGTGACCGTCACTGCCGCCACTCTCCTA,8.964589870013447e-05
808,CTGACAGTTACAGTCACTGCCGCGACTCTTCTT,8.964589870013447e-05
809,CTGACGGTAACAGTGACAGCAGCAACCCTACCT,8.964589870013447e-05
810,CTAACAGTTACGGTCACTGCCGCCACGCTTCTC,8.964589870013447e-05
811,CTGACAGTGACGGTCACTGCTGCCACCCTTCTC,8.964589870013447e-05
812,CTTACAGTAACCGTCACAGCCGCCACGCTCCTT,8.964589870013447e-05
813,CTGACAGTTACCGTTACAGCAGCCACCCTTCTG,8.964589870013447e-05
814,CTTACCGTTACCGTAACCGCAGCCACCCTACTT,8.964589870013447e-05
815,CTGACTGTGACCGTGACAGCTGCCACTCTACTA,8.964589870013447e-05
816,CTTACCGTTACCGTCACCGCAGCCACTCTCCTC,8.964589870013447e-05
817,CTCACAGTTACCGTCACAGCCGCCACTCTACTT,8.964589870013447e-05
818,CTCACAGTTACCGTCACCGCAGCAACGCTCCTC,8.964589870013447e-05
819,CTGACAGTAACAGTCACAGCAGCCACCCTACTT,8.964589870013447e-05
820,CTTACTGTGACCGTAACCGCAGCCACTCTACTT,8.964589870013447e-05
821,CTGACAGTTACGGTGACAGCAGCCACGCTACTT,8.964589870013447e-05
822,CTTACCGTTACGGTAACCGCAGCCACACTCCTC,8.964589870013447e-05
823,CTAACAGTAACGGTCACTGCCGCAACTCTGCTT,8.964589870013447e-05
824,CTTACCGTTACCGTAACTGCCGCCACTCTACTT,8.964589870013447e-05
825,CTTACAGTTACTGTAACGGCCGCAACGCTTCTT,8.964589870013447e-05
826,CTCACAGTTACCGTCACTGCCGCCACTCTCCTA,8.964589870013447e-05
827,CTTACCGTTACCGTCACAGCAGCCACTCTACTT,8.964589870013447e-05
828,CTCACCGTGACGGTCACTGCCGCCACGCTACTT,8.964589870013447e-05
829,CTTACTGTTACCGTCACTGCAGCAACTCTACTT,8.964589870013447e-05
830,CTTACGGTCACCGTGACAGCAGCAACCCTACTT,8.964589870013447e-05
831,CTGACAGTCACGGTCACCGCCGCCACTCTTCTT,8.964589870013447e-05
832,CTTACAGTTACGGTCACTGCAGCAACGCTTCTT,8.964589870013447e-05
833,CTTACAGTCACCGTAACCGCAGCAACGCTACTT,8.964589870013447e-05
834,CTCACAGTTACAGTCACCGCAGCAACTCTGCTG,8.964589870013447e-05
835,CTGACTGTAACAGTGACTGCAGCAACCCTACTT,8.964589870013447e-05
836,CTTACAGTTACCGTAACCGCAGCAACACTACTT,8.964589870013447e-05
837,CTGACTGTTACGGTAACTGCCGCCACTCTACTT,8.964589870013447e-05
838,CTGACAGTTACAGTTACAGCAGCCACGCTTCTG,8.964589870013447e-05
839,CTTACTGTTACCGTCACCGCAGCCACTCTACTT,8.964589870013447e-05
840,CTTACTGTAACGGTCACCGCCGCAACACTGCTT,8.964589870013447e-05
841,CTTACCGTGACCGTAACTGCTGCCACTCTCCTA,8.964589870013447e-05
842,CTGACGGTAACGGTCACCGCCGCAACACTCCTT,8.964589870013447e-05
843,CTGACAGTAACAGTGACAGCAGCAACGCTACTT,8.964589870013447e-05
844,CTGACAGTAACAGTGACTGCCGCAACTCTACTT,8.964589870013447e-05
845,CTGACAGTAACCGTTACAGCAGCCACCCTTCTT,8.964589870013447e-05
846,CTGACAGTCACCGTAACAGCCGCAACCCTTCTA,8.964589870013447e-05
847,CTGACCGTAACCGTCACTGCCGCCACGCTGCTT,8.964589870013447e-05
848,CTTACCGTAACCGTAACTGCCGCCACTCTCCTT,8.964589870013447e-05
849,CTGACAGTCACTGTAACTGCCGCTACGCTTCTT,8.964589870013447e-05
850,CTTACAGTTACCGTCACTGCAGCCACCCTTCTT,8.964589870013447e-05
851,CTGACAGTGACCGTCACAGCCGCCACTCTCCTC,8.964589870013447e-05
852,CTGACAGTTACAGTCACTGCCGCCACTCTCCTT,8.964589870013447e-05
853,CTGACAGTAACAGTCACTGCCGCCACTCTGCTC,8.964589870013447e-05
854,CTTACCGTTACTGTAACCGCAGCAACCCTACTT,8.964589870013447e-05
855,CTTACGGTAACCGTAACAGCAGCCACTCTACTT,8.964589870013447e-05
856,CTCACAGTTACCGTCACCGCAGCCACTCTACTG,8.964589870013447e-05
857,CTGACTGTGACAGTGACTGCAGCCACTCTACTA,8.964589870013447e-05
858,CTTACCGTTACGGTCACTGCAGCGACACTCCTT,8.964589870013447e-05
859,CTTACAGTAACGGTAACTGCCGCCACGCTTCTT,8.964589870013447e-05
860,CTCACAGTGACCGTCACAGCAGCCACTCTACTT,8.964589870013447e-05
861,CTGACAGTCACGGTCACCGCCGCCACGCTTCTT,8.964589870013447e-05
862,CTAACAGTCACGGTCACAGCCGCAACTCTTCTT,8.964589870013447e-05
863,CTGACTGTAACAGTCACAGCAGCCACTCTACTT,8.964589870013447e-05
864,CTGACAGTAACCGTAACTGCCGCCACGCTGCTT,8.964589870013447e-05
865,CTGACAGTTACAGTCACTGCAGCCACTCTACTG,8.964589870013447e-05
866,CTTACAGTTACGGTAACCGCAGCCACGCTTCTG,8.964589870013447e-05
867,CTGACAGTCACCGTCACAGCCGCCACTCTCCTT,8.964589870013447e-05
868,CTGACAGTAACAGTGACAGCAGCCACTCTACTT,8.964589870013447e-05
869,CTTACAGTGACCGTCACCGCCGCCACGCTCCTC,8.964589870013447e-05
870,CTTACCGTAACGGTAACTGCCGCCACTCTGCTC,8.964589870013447e-05
871,CTTACAGTAACCGTAACCGCGGCGACTCTACTT,8.964589870013447e-05
872,CTTACGGTTACTGTAACCGCCGCCACCCTCCTT,8.964589870013447e-05
873,CTTACCGTTACCGTAACAGCTGCCACACTCCTG,8.964589870013447e-05
874,CTGACCGTAACCGTGACTGCAGCCACTCTACTT,8.964589870013447e-05
875,CTTACAGTGACCGTCACAGCCGCCACGCTCCTA,8.964589870013447e-05
876,CTGACTGTTACCGTTACCGCAGCAACACTACTT,8.964589870013447e-05
877,CTGACAGTGACCGTCACTGCCGCCACTCTTCTA,8.964589870013447e-05
878,CTGACGGTGACGGTCACTGCCGCCACACTCCTC,8.964589870013447e-05
879,CTCACGGTGACGGTCACCGCCGCCACTCTCCTC,8.964589870013447e-05
880,CTGACAGTCACCGTCACTGCCGCCACGCTTCTT,8.964589870013447e-05
881,CTGACAGTTACAGTCACAGCAGCCACCCTACTT,8.964589870013447e-05
882,CTCACCGTGACGGTCACCGCCGCCACACTCCTC,8.964589870013447e-05
883,CTTACAGTCACGGTAACCGCCGCCACGCTTCTT,8.964589870013447e-05
884,CTTACAGTTACCGTCACCGCAGCCACGCTGCTT,8.964589870013447e-05
885,CTGACTGTAACTGTCACTGCAGCAACTCTACTT,8.964589870013447e-05
886,CTGACAGTTACCGTGACAGCAGCCACCCTACTT,8.964589870013447e-05
887,CTTACAGTTACCGTAACGGCGGCGACACTCCTA,8.964589870013447e-05
888,CTTACCGTCACCGTAACCGCAGCAACTCTACTT,8.964589870013447e-05
889,CTTACAGTTACCGTCACCGCAGCCACTCTGCTG,8.964589870013447e-05
890,CTGACGGTGACGGTCACCGCAGCAACCCTACTC,8.964589870013447e-05
891,CTGACAGTTACCGTAACCGCCGCCACCCTTCTG,8.964589870013447e-05
892,CTTACAGTTACGGTCACAGCCGCCACTCTCCTA,8.964589870013447e-05
893,CTCACAGTGACGGTCACTGCCGCCACTCTCCTA,8.964589870013447e-05
894,CTGACAGTTACGGTCACAGCCGCAACGCTTCTT,8.964589870013447e-05
895,CTTACCGTAACAGTAACAGCAGCAACCCTACTT,8.964589870013447e-05
896,CTTACCGTCACCGTTACAGCAGCCACGCTTCTT,8.964589870013447e-05
897,CTGACAGTTACAGTCACAGCAGCCACTCTGCTT,8.964589870013447e-05
898,CTGACAGTAACCGTAACAGCAGCCACTCTACTT,8.964589870013447e-05
899,CTTACAGTCACCGTTACCGCAGCAACTCTACTT,8.964589870013447e-05
900,CTTACGGTTACCGTTACCGCAGCAACACTACTT,8.964589870013447e-05
901,CTGACCGTAACCGTAACTGCCGCTACTCTCCTT,8.964589870013447e-05
902,CTGACCGTTACCGTTACTGCAGCAACCCTACTT,8.964589870013447e-05
903,CTTACCGTTACCGTAACCGCTGCCACACTACTG,8.964589870013447e-05
904,CTTACCGTCACCGTAACTGCAGCCACGCTACTT,8.964589870013447e-05
905,CTGACAGTAACAGTCACAGCAGCCACTCTACTT,8.964589870013447e-05
906,CTGACAGTTACCGTCACAGCCGCCACTCTTCTT,8.964589870013447e-05
907,CTTACCGTTACCGTAACTGCAGCCACACTCCTC,8.964589870013447e-05
908,CTTACTGTAACGGTTACTGCAGCAACACTTCTG,8.964589870013447e-05
909,CTGACTGTGACCGTGACTGCCGCCACTCTACTT,8.964589870013447e-05
910,CTAACTGTAACCGTCACTGCCGCAACTCTGCTC,8.964589870013447e-05
911,CTGACAGTGACCGTCACTGCCGCCACGCTTCTT,8.964589870013447e-05
912,CTGACAGTAACGGTAACAGCAGCCACGCTGCTT,8.964589870013447e-05
913,CTGACCGTAACAGTGACTGCAGCAACCCTACTT,8.964589870013447e-05
914,CTGACGGTAACAGTCACTGCAGCAACCCTACTT,8.964589870013447e-05
915,CTGACAGTAACAGTCACTGCAGCCACTCTGCTT,8.964589870013447e-05
916,CTGACCGTCACCGTAACCGCAGCCACTCTACTT,8.964589870013447e-05
917,CTTACTGTAACCGTCACTGCCGCCACTCTGCTT,8.964589870013447e-05
918,CTTACCGTAACGGTAACTGCCGCCACGCTGCTG,8.964589870013447e-05
919,CTGACCGTTACTGTAACTGCCGCAACGCTGCTT,8.964589870013447e-05
920,CTCACAGTGACGGTCACCGCCGCAACACTCCTT,8.964589870013447e-05
921,CTTACGGTAACCGTCACCGCAGCAACCCTACTT,8.964589870013447e-05
922,CTGACCGTAACGGTGACAGCAGCAACCCTACTT,8.964589870013447e-05
923,CTGACTGTAACCGTGACTGCTGCCACTCTACTT,8.964589870013447e-05
924,CTGACAGTTACAGTCACAGCAGCCACTCTACTT,8.964589870013447e-05
925,CTCACCGTTACCGTCACTGCAGCAACTCTACTT,8.964589870013447e-05
926,CTGACCGTTACCGTGACTGCTGCCACTCTACTA,8.964589870013447e-05
927,CTGACTGTAACCGTCACAGCAGCCACCCTACTT,8.964589870013447e-05
928,CTTACAGTAACCGTAACAGCAGCCACTCTACTT,8.964589870013447e-05
929,CTCACTGTAACAGTTACTGCTGCAACTCTACTT,8.964589870013447e-05
930,CTGACAGTAACAGTCACTGCAGCTACTCTGCTC,8.964589870013447e-05
931,CTTACAGTAACCGTCACTGCAGCCACTCTGCTC,8.964589870013447e-05
932,CTGACAGTCACGGTGACTGCCGCCACGCTTCTT,8.964589870013447e-05
933,CTGACTGTTACCGTCACAGCTGCCACTCTTCTT,8.964589870013447e-05
934,CTTACAGTTACCGTAACAGCAGCCACTCTCCTG,8.964589870013447e-05
935,CTGACAGTTACGGTCACAGCCGCAACGCTACTC,8.964589870013447e-05
936,CTTACAGTAACGGTCACTGCCGCCACGCTCCTT,8.964589870013447e-05
937,CTTACAGTTACCGTCACTGCCGCCACACTTCTC,8.964589870013447e-05
938,CTAACTGTAACCGTCACTGCCGCCACTCTGCTC,8.964589870013447e-05
939,CTTACCGTTACGGTAACTGCAGCCACGCTTCTC,8.964589870013447e-05
940,CTTACCGTTACCGTAACCGCTGCGACACTCCTG,8.964589870013447e-05
941,CTGACAGTGACCGTAACAGCAGCTACCCTTCTT,8.964589870013447e-05
942,CTAACAGTAACAGTCACTGCCGCAACTCTGCTT,8.964589870013447e-05
943,CTTACCGTTACGGTAACCGCCGCCACGCTCCTT,8.964589870013447e-05
944,CTGACCGTTACAGTCACTGCAGCAACCCTACTT,8.964589870013447e-05
945,CTGACCGTTACTGTTACTGCAGCAACCCTACTT,8.964589870013447e-05
946,CTTACAGTTACGGTCACTGCCGCCACGCTTCTC,8.964589870013447e-05
947,CTTACCGTCACGGTAACCGCAGCCACGCTTCTC,8.964589870013447e-05
948,CTTACTGTTACCGTCACTGCAGCCACTCTACTC,8.964589870013447e-05
949,CTGACAGTTACCGTCACCGCCGCAACACTTCTC,8.964589870013447e-05
950,CTGACAGTTACTGTAACTGCAGCCACCCTTCTC,8.964589870013447e-05
951,CTGACAGTAACCGTTACAGCAGCAACGCTACTT,8.964589870013447e-05
952,CTGACTGTAACCGTGACTGCAGCCACCCTACTT,8.964589870013447e-05
953,CTTACAGTAACGGTAACCGCAGCGACCCTACTT,8.964589870013447e-05
954,CTTACAGTGACCGTCACCGCAGCCACTCTACTC,8.964589870013447e-05
955,CTGACGGTGACGGTCACAGCCGCAACCCTCCTC,8.964589870013447e-05
956,CTTACCGTTACCGTAACCGCTGCCACTCTACTA,8.964589870013447e-05
957,CTGACAGTAACGGTCACAGCAGCAACGCTTCTT,8.964589870013447e-05
958,CTGACTGTTACCGTCACGGCAGCCACTCTACTT,8.964589870013447e-05
959,CTCACAGTCACCGTGACCGCTGCCACTCTACTT,8.964589870013447e-05
960,CTTACAGTTACCGTCACCGCCGCCACTCTCCTT,8.964589870013447e-05
961,CTGACCGTTACCGTAACAGCAGCAACCCTACTG,8.964589870013447e-05
962,CTTACCGTTACCGTAACTGCCGCCACGCTACTT,8.964589870013447e-05
963,CTGACAGTAACAGTCACTGCCGCCACTCTTCTC,8.964589870013447e-05
964,CTTACTGTCACCGTTACTGCAGCAACACTTCTC,8.964589870013447e-05
965,CTCACAGTTACGGTCACTGCAGCCACGCTTCTC,8.964589870013447e-05
966,CTGACAGTAACCGTAACTGCCGCTACTCTACTT,8.964589870013447e-05
967,CTGACAGTAACAGTCACTGCCGCAACGCTGCTT,8.964589870013447e-05
968,CTTACGGTTACTGTAACCGCCGCGACCCTACTA,8.964589870013447e-05
969,CTGACTGTTACTGTCACCGCTGCCACTCTCCTT,8.964589870013447e-05
970,CTTACAGTTACCGTCACCGCCGCCACGCTCCTT,8.964589870013447e-05
971,CTGACTGTTACCGTCACTGCTGCCACTCTTCTT,8.964589870013447e-05
972,CTTACAGTTACGGTAACCGCAGCCACGCTGCTT,8.964589870013447e-05
973,CTCACAGTGACCGTCACCGCAGCCACTCTCCTC,8.964589870013447e-05
974,CTGACAGTGACCGTGACTGCAGCCACTCTTCTA,8.964589870013447e-05
975,CTTACAGTCACCGTTACAGCAGCAACACTACTT,8.964589870013447e-05
976,CTGACTGTTACTGTCACTGCTGCCACTCTACTT,8.964589870013447e-05
977,CTGACAGTTACGGTCACTGCCGCAACGCTTCTT,8.964589870013447e-05
978,CTGACAGTGACCGTCACAGCAGCCACGCTTCTT,8.964589870013447e-05
979,CTCACAGTCACCGTCACCGCTGCAACCCTACTT,8.964589870013447e-05
980,CTTACCGTGACCGTAACCGCCGCCACTCTACTA,8.964589870013447e-05
981,CTGACTGTGACCGTGACTGCTGCCACCCTACTC,8.964589870013447e-05
982,CTGACGGTAACCGTGACAGCAGCCACTCTACTT,8.964589870013447e-05
983,CTGACGGTTACAGTTACTGCAGCTACCCTGCTC,8.964589870013447e-05
984,CTTACTGTTACCGTTACAGCAGCAACACTACTT,8.964589870013447e-05
985,CTTACCGTTACGGTAACCGCCGCGACTCTCCTG,8.964589870013447e-05
986,CTGACGGTAACAGTAACAGCAGCAACCCTACTT,8.964589870013447e-05
987,CTTACCGTTACCGTAACTGCAGCCACGCTGCTT,8.964589870013447e-05
988,CTGACTGTTACCGTCACTGCAGCCACTCTACTA,8.964589870013447e-05
989,CTTACAGTAACCGTCACCGCAGCCACGCTACTC,8.964589870013447e-05
990,CTGACTGTCACCGTTACTGCAGCCACTCTACTT,8.964589870013447e-05
991,CTTACAGTTACCGTCACTGCCGCCACTCTTCTC,8.964589870013447e-05
992,CTTACTGTTACCGTCACCGCAGCCACTCTCCTT,8.964589870013447e-05
993,CTTACCGTTACGGTCACCGCAGCCACACTCCTG,8.964589870013447e-05
994,CTTACGGTTACCGTAACCGCAGCCACCCTACTT,8.964589870013447e-05
995,CTTACAGTTACCGTAACCGCAGCCACTCTGCTA,8.964589870013447e-05
996,CTTACAGTTACCGTAACCGCAGCCACTCTCCTG,8.964589870013447e-05
997,CTCACAGTTACCGTCACAGCAGCCACGCTTCTG,8.964589870013447e-05
998,CTGACAGTAACAGTCACTGCCGCTACTCTGCTT,8.964589870013447e-05
999,CTTACAGTTACTGTAACTGCCGCTACTCTCCTA,8.964589870013447e-05
1000,CTTACAGTTACCGTCACCGCAGCCACTCTTCTT,8.964589870013447e-05
1001,CTTACAGTCACCGTCACAGCCGCCACTCTACTT,8.964589870013447e-05
1002,CTGACAGTAACCGTCACAGCAGCCACGCTTCTT,8.964589870013447e-05
1003,CTGACAGTTACGGTCACCGCAGCAACGCTTCTG,8.964589870013447e-05
1004,CTTACAGTTACCGTCACCGCCGCCACTCTCCTG,8.964589870013447e-05
1005,CTGACTGTTACAGTGACAGCAGCAACTCTACTT,8.964589870013447e-05
1006,CTGACTGTTACCGTTACTGCAGCCACGCTACTT,8.964589870013447e-05
1007,CTGACCGTCACTGTAACTGCAGCTACTCTACTT,8.964589870013447e-05
1008,CTCACCGTGACCGTCACTGCAGCAACCCTACTT,8.964589870013447e-05
1009,CTGACAGTTACCGTCACCGCAGCCACTCTTCTG,8.964589870013447e-05
1010,CTGACTGTTACGGTTACTGCAGCAACCCTACTC,8.964589870013447e-05
1011,CTGACAGTTACTGTCACTGCAGCCACTCTCCTT,8.964589870013447e-05
1012,CTGACAGTAACAGTGACAGCCGCCACTCTTCTT,8.964589870013447e-05
1013,CTTACAGTTACCGTCACAGCAGCCACGCTCCTG,8.964589870013447e-05
1014,CTGACTGTCACCGTGACCGCAGCAACACTACTT,8.964589870013447e-05
1015,CTTACGGTTACTGTAACCGCCGCCACCCTCCTA,8.964589870013447e-05
1016,CTGACAGTTACCGTTACAGCAGCCACTCTACTA,8.964589870013447e-05
1017,CTTACTGTAACTGTCACTGCAGCAACACTTCTC,8.964589870013447e-05
1018,CTCACAGTTACTGTCACTGCAGCAACGCTTCTT,8.964589870013447e-05
1019,CTCACCGTTACCGTCACTGCAGCTACCCTTCTT,8.964589870013447e-05
1020,CTGACTGTAACCGTCACTGCAGCAACTCTACTT,8.964589870013447e-05
1021,CTCACAGTAACAGTCACTGCCGCCACTCTGCTC,8.964589870013447e-05
1022,CTGACAGTTACCGTCACCGCAGCCACGCTCCTG,8.964589870013447e-05
1023,CTTACCGTTACGGTAACCGCTGCGACCCTCCTG,8.964589870013447e-05
1024,CTGACAGTTACAGTGACAGCAGCCACGCTTCTT,8.964589870013447e-05
1025,CTTACAGTTACGGTAACCGCCGCCACGCTTCTG,8.964589870013447e-05
1026,CTGACAGTAACCGTGACAGCAGCAACTCTACTT,8.964589870013447e-05
1027,CTCACTGTTACCGTCACTGCAGCAACCCTACTT,8.964589870013447e-05
1028,CTTACAGTTACCGTAACCGCCGCGACCCTACTT,8.964589870013447e-05
1029,CTTACAGTAACGGTTACTGCAGCAACGCTTCTT,8.964589870013447e-05
1030,CTAACAGTTACGGTCACTGCCGCCACGCTTCTT,8.964589870013447e-05
1031,CTGACCGTTACGGTCACCGCTGCCACTCTCCTT,8.964589870013447e-05
1032,CTTACAGTAACAGTCACCGCAGCAACCCTACTT,8.964589870013447e-05
1033,CTTACTGTGACCGTGACTGCAGCCACTCTACTT,8.964589870013447e-05
1034,CTGACAGTGACCGTCACAGCAGCCACTCTTCTA,8.964589870013447e-05
1035,CTGACAGTTACCGTCACCGCCGCAACTCTTCTC,8.964589870013447e-05
1036,CTTACAGTAACCGTAACTGCCGCCACGCTGCTC,8.964589870013447e-05
1037,CTGACAGTTACCGTTACAGCAGCAACGCTACTT,8.964589870013447e-05
1038,CTGACTGTAACAGTTACTGCAGCAACTCTACTT,8.964589870013447e-05
1039,CTGACAGTTACCGTAACTGCCGCCACTCTTCTA,8.964589870013447e-05
1040,CTGACAGTCACAGTCACTGCCGCGACTCTTCTT,8.964589870013447e-05
1041,CTTACAGTCACCGTCACCGCAGCAACTCTACTT,8.964589870013447e-05
1042,CTTACAGTTACCGTCACCGCCGCCACGCTTCTT,8.964589870013447e-05
1043,CTGACAGTTACCGTAACCGCAGCCACTCTCCTG,8.964589870013447e-05
1044,CTGACGGTAACGGTGACAGCAGCAACCCTACTT,8.964589870013447e-05
1045,CTGACAGTCACCGTCACCGCCGCCACGCTACTT,8.964589870013447e-05
1046,CTGACAGTAACAGTGACTGCAGCCACCCTTCTT,8.964589870013447e-05
1047,CTGACTGTGACCGTCACTGCAGCCACTCTACTA,8.964589870013447e-05
1048,CTGACAGTAACAGTCACTGCAGCCACTCTACTC,8.964589870013447e-05
1049,CTTACCGTTACAGTAACCGCCGCGACTCTCCTT,8.964589870013447e-05
1050,CTGACAGTTACCGTCACCGCAGCCACTCTCCTC,8.964589870013447e-05
1051,CTTACAGTAACCGTCACTGCAGCCACGCTACTT,8.964589870013447e-05
1052,CTTACCGTCACCGTCACCGCAGCAACACTACTC,8.964589870013447e-05
1053,CTTACTGTAACCGTCACTGCAGCCACTCTTCTC,8.964589870013447e-05
1054,CTGACGGTAACGGTCACCGCAGCAACGCTACTT,8.964589870013447e-05
1055,CTGACAGTAACGGTCACAGCAGCAACCCTTCTT,8.964589870013447e-05
1056,CTGACAGTTACCGTAACAGCAGCCACGCTACTT,8.964589870013447e-05
1057,CTTACCGTAACCGTCACTGCAGCCACTCTACTC,8.964589870013447e-05
1058,CTGACTGTAACCGTGACTGCCGCCACGCTACTT,8.964589870013447e-05
1059,CTTACTGTGACCGTCACCGCCGCCACTCTACTA,8.964589870013447e-05
1060,CTTACAGTCACCGTTACAGCAGCCACGCTTCTT,8.964589870013447e-05
1061,CTTACAGTAACCGTCACCGCCGCCACTCTCCTT,8.964589870013447e-05
1062,CTGACAGTAACCGTCACTGCCGCAACACTTCTC,8.964589870013447e-05
1063,CTCACAGTTACCGTCACAGCAGCCACCCTTCTT,8.964589870013447e-05
1064,CTAACAGTCACGGTCACCGCCGCTACGCTTCTT,8.964589870013447e-05
1065,CTTACCGTGACCGTAACTGCCGCCACTCTACTA,8.964589870013447e-05
1066,CTGACAGTAACCGTAACAGCCGCAACCCTACTT,8.964589870013447e-05
1067,CTCACAGTAACAGTCACAGCAGCAACCCTACTT,8.964589870013447e-05
1068,CTCACAGTGACCGTCACAGCCGCCACTCTCCTC,8.964589870013447e-05
1069,CTGACCGTTACTGTAACGGCTGCCACTCTCCTT,8.964589870013447e-05
1070,CTGACTGTGACCGTCACAGCCGCCACTCTACTA,8.964589870013447e-05
1071,CTTACTGTCACCGTCACCGCAGCCACTCTACTT,8.964589870013447e-05
1072,CTTACGGTTACTGTAACCGCAGCGACCCTCCTA,8.964589870013447e-05
1073,CTGACAGTCACAGTCACTGCCGCAACTCTTCTT,8.964589870013447e-05
1074,CTGACAGTTACCGTCACAGCAGCCACTCTTCTT,8.964589870013447e-05
1075,CTGACGGTGACGGTCACCGCCGCAACACTCCTC,8.964589870013447e-05
1076,CTGACCGTAACAGTGACTGCAGCCACTCTACTT,8.964589870013447e-05
1077,CTGACAGTTACCGTTACCGCCGCCACGCTTCTG,8.964589870013447e-05
1078,CTTACAGTTACGGTAACTGCAGCCACGCTGCTT,8.964589870013447e-05
1079,CTTACCGTCACCGTTACCGCAGCCACTCTACTT,8.964589870013447e-05
1080,CTTACCGTCACCGTCACTGCAGCAACTCTACTT,8.964589870013447e-05
1081,CTTACTGTTACCGTTACTGCAGCAACCCTACTT,8.964589870013447e-05
1082,CTGACTGTGACCGTCACCGCAGCCACTCTACTA,8.964589870013447e-05
1083,CTCACAGTTACTGTCACTGCAGCAACGCTACTT,8.964589870013447e-05
1084,CTTACCGTTACGGTAACTGCTGCCACTCTACTT,8.964589870013447e-05
1085,CTAACAGTTACGGTCACCGCAGCCACGCTTCTC,8.964589870013447e-05
1086,CTGACCGTTACCGTCACAGCAGCAACCCTACTT,8.964589870013447e-05
1087,CTGACTGTTACGGTTACTGCAGCCACTCTACTT,8.964589870013447e-05
1088,CTGACGGTAACGGTCACCGCCGCAACGCTACTT,8.964589870013447e-05
1089,CTGACAGTAACAGTCACAGCCGCCACTCTCCTT,8.964589870013447e-05
1090,CTGACGGTAACGGTCACAGCAGCAACACTCCTT,8.964589870013447e-05
1091,CTGACTGTGACCGTGACTGCTGCAACCCTACTT,8.964589870013447e-05
1092,CTGACCGTTACCGTTACTGCAGCCACGCTACTT,8.964589870013447e-05
1093,CTGACAGTAACAGTCACTGCAGCAACTCTACTT,8.964589870013447e-05
1094,CTTACAGTGACGGTCACCGCCGCCACACTCCTC,8.964589870013447e-05
1095,CTCACCGTTACTGTCACTGCAGCCACGCTACTT,8.964589870013447e-05
1096,CTGACAGTTACCGTAACAGCAGCAACGCTTCTG,8.964589870013447e-05
1097,CTGACTGTGACCGTCACCGCTGCCACTCTACTT,8.964589870013447e-05
1098,CTCACGGTGACGGTCACCGCAGCAACACTCCTC,8.964589870013447e-05
1099,CTGACCGTTACCGTAACCGCAGCCACTCTACTG,8.964589870013447e-05
1100,CTTACTGTCACCGTAACCGCCGCAACACTACTT,8.964589870013447e-05
1101,CTGACAGTGACCGTCACAGCAGCCACTCTACTT,8.964589870013447e-05
1102,CTGACGGTTACAGTTACTGCAGCAACCCTACTT,8.964589870013447e-05
1103,CTGACAGTTACCGTCACCGCAGCCACTCTCCTT,8.964589870013447e-05
1104,CTGACTGTAACCGTCACTGCCGCCACACTACTT,8.964589870013447e-05
1105,CTTACAGTGACCGTCACTGCCGCCACTCTCCTT,8.964589870013447e-05
1106,CTTACCGTTACCGTAACTGCCGCCACCCTCCTT,8.964589870013447e-05
1107,CTGACAGTAACAGTGACAGCCGCAACTCTACTT,8.964589870013447e-05
1108,CTTACTGTCACCGTCACTGCAGCAACTCTACTT,8.964589870013447e-05
1109,CTGACAGTTACTGTCACTGCCGCCACTCTGCTC,8.964589870013447e-05
1110,CTGACAGTGACTGTCACTGCCGCTACGCTTCTC,8.964589870013447e-05
1111,CTGACAGTAACAGTCACTGCCGCAACTCTGCTT,8.964589870013447e-05
1112,CTTACAGTAACAGTCACTGCCGCCACGCTGCTT,8.964589870013447e-05
1113,CTTACAGTTACGGTCACCGCCGCCACTCTCCTA,8.964589870013447e-05
1114,CTCACAGTGACCGTCACAGCCGCAACTCTCCTT,8.964589870013447e-05
1115,CTGACAGTTACGGTCACAGCAGCCACGCTCCTT,8.964589870013447e-05
1116,CTAACAGTAACGGTCACTGCCGCAACGCTTCTC,8.964589870013447e-05
1117,CTCACTGTGACAGTAACTGCTGCTACTCTACTT,8.964589870013447e-05
1118,CTTACCGTTACCGTAACCGCAGCGACACTCCTG,8.964589870013447e-05
1119,CTGACCGTAACCGTGACTGCAGCAACCCTACTT,8.964589870013447e-05
1120,CTTACAGTAACCGTTACCGCAGCAACGCTACTT,8.964589870013447e-05
1121,CTTACAGTTACGGTCACCGCCGCAACGCTTCTT,8.964589870013447e-05
1122,CTTACAGTAACCGTAACCGCGGCCACCCTACTT,8.964589870013447e-05
1123,CTGACTGTTACTGTCACAGCTGCCACTCTCCTT,8.964589870013447e-05
1124,CTTACGGTTACTGTAACCGCCGCAACCCTCCTT,8.964589870013447e-05
1125,CTTACAGTGACCGTCACAGCAGCCACTCTCCTT,8.964589870013447e-05
1126,CTTACAGTTACCGTCACTGCAGCCACTCTCCTC,8.964589870013447e-05
1127,CTGACTGTTACTGTAACTGCAGCCACCCTTCTC,8.964589870013447e-05
1128,CTGACAGTTACTGTCACAGCCGCCACTCTCCTT,8.964589870013447e-05
1129,CTTACCGTGACCGTAACTGCTGCCACTCTACTA,8.964589870013447e-05
1130,CTTACAGTTACGGTAACCGCTGCGACGCTCCTG,8.964589870013447e-05
1131,CTGACTGTCACCGTGACTGCCGCGACTCTTCTT,8.964589870013447e-05
1132,CTTACAGTGACCGTCACAGCAGCCACTCTCCTA,8.964589870013447e-05
1133,CTTACCGTTACGGTAACCGCAGCAACACTACTT,8.964589870013447e-05
1134,CTTACCGTTACTGTAACCGCCGCCACTCTCCTC,8.964589870013447e-05
1135,CTGACAGTTACGGTTACTGCAGCCACGCTTCTC,8.964589870013447e-05
1136,CTGACTGTTACAGTCACAGCAGCAACTCTACTT,8.964589870013447e-05
1137,CTGACTGTAACGGTCACTGCCGCTACACTTCTT,8.964589870013447e-05
1138,CTGACCGTTACCGTAACAGCAGCCACGCTTCTT,8.964589870013447e-05
1139,CTGACCGTTACTGTAACTGCCGCTACTCTCCTT,8.964589870013447e-05
1140,CTCACAGTTACGGTCACCGCAGCCACTCTGCTT,8.964589870013447e-05
1141,CTGACGGTAACCGTGACAGCAGCAACACTACTT,8.964589870013447e-05
1142,CTGACCGTAACCGTAACAGCCGCCACTCTCCTT,8.964589870013447e-05
1143,CTTACCGTTACCGTTACTGCAGCAACGCTACTT,8.964589870013447e-05
1144,CTAACAGTAACCGTCACTGCCGCCACTCTGCTT,8.964589870013447e-05
1145,CTAACAGTCACGGTCACCGCCGCAACTCTGCTT,8.964589870013447e-05
1146,CTGACAGTAACCGTCACTGCCGCCACGCTGCTT,8.964589870013447e-05
1147,CTTACAGTTACCGTTACCGCAGCCACTCTACTG,8.964589870013447e-05
1148,CTCACGGTCACGGTCACCGCCGCAACTCTACTC,8.964589870013447e-05
1149,CTGACTGTAACCGTGACTGCCGCCACTCTACTT,8.964589870013447e-05
1150,CTGACAGTCACCGTCACTGCAGCAACGCTTCTT,8.964589870013447e-05
1151,CTTACAGTAACGGTCACTGCAGCCACGCTTCTC,8.964589870013447e-05
1152,CTCACAGTCACCGTCACTGCCGCCACTCTCCTT,8.964589870013447e-05
1153,CTTACCGTTACCGTTACCGCAGCAACACTACTG,8.964589870013447e-05
1154,CTGACTGTTACCGTCACCGCAGCCACACTCCTT,8.964589870013447e-05
1155,CTAACAGTTACGGTCACTGCAGCAACGCTTCTT,8.964589870013447e-05
1156,CTTACCGTGACCGTCACCGCAGCCACTCTCCTC,8.964589870013447e-05
1157,CTGACGGTGACCGTGACTGCCGCAACTCTACTT,8.964589870013447e-05
1158,CTGACAGTTACCGTCACAGCAGCCACGCTCCTG,8.964589870013447e-05
1159,CTGACAGTAACAGTCACAGCAGCAACTCTACTT,8.964589870013447e-05
1160,CTGACAGTTACTGTAACAGCAGCAACGCTACTT,8.964589870013447e-05
1161,CTAACAGTTACGGTCACCGCCGCCACGCTTCTT,8.964589870013447e-05
1162,CTGACCGTTACTGTAACTGCCGCCACGCTTCTT,8.964589870013447e-05
1163,CTGACCGTAACCGTAACTGCCGCCACGCTTCTT,8.964589870013447e-05
1164,CTGACCGTAACCGTGACTGCAGCCACCCTACTT,8.964589870013447e-05
1165,CTTACAGTTACGGTCACCGCAGCCACACTCCTG,8.964589870013447e-05
1166,CTTACAGTAACCGTCACCGCAGCAACTCTACTT,8.964589870013447e-05
1167,CTGACAGTAACCGTAACAGCAGCCACCCTACTT,8.964589870013447e-05
1168,CTTACCGTTACCGTCACTGCCGCAACTCTGCTT,8.964589870013447e-05
1169,CTTACAGTCACCGTAACCGCCGCAACTCTACTC,8.964589870013447e-05
1170,CTTACAGTCACCGTCACCGCCGCAACACTACTT,8.964589870013447e-05
1171,CTTACGGTTACTGTAACCGCAGCAACCCTACTT,8.964589870013447e-05
1172,CTGACAGTCACCGTCACCGCAGCAACTCTACTT,8.964589870013447e-05
1173,CTTACAGTCACCGTCACCGCAGCCACGCTTCTT,8.964589870013447e-05
1174,CTCACAGTGACCGTCACCGCCGCCACACTCCTC,8.964589870013447e-05
1175,CTTACCGTTACGGTCACTGCCGCCACGCTGCTT,8.964589870013447e-05
1176,CTCACAGTAACCGTCACTGCCGCCACTCTCCTA,8.964589870013447e-05
1177,CTCACAGTTACCGTCACCGCAGCCACTCTTCTG,8.964589870013447e-05
1178,CTAACAGTAACCGTCACTGCCGCTACTCTGCTT,8.964589870013447e-05
1179,CTCACCGTGACGGTCACTGCCGCCACTCTCCTT,8.964589870013447e-05
1180,CTGACAGTTACCGTCACCGCCGCCACACTCCTG,8.964589870013447e-05
1181,CTGACAGTTACCGTCACTGCAGCAACGCTACTT,8.964589870013447e-05
1182,CTTACCGTTACGGTAACCGCTGCGACACTACTG,8.964589870013447e-05
1183,CTTACAGTTACGGTCACCGCAGCCACACTACTT,8.964589870013447e-05
1184,CTGACTGTCACCGTTACTGCTGCCACCCTACTC,8.964589870013447e-05
1185,CTCACTGTAACAGTTACTGCAGCTACTCTACTT,8.964589870013447e-05
1186,CTAACTGTCACCGTTACAGCAGCAACGCTTCTT,8.964589870013447e-05
1187,CTTACTGTAACCGTTACTGCAGCAACACTTCTC,8.964589870013447e-05
1188,CTTACCGTTACCGTAACCGCTGCCACTCTCCTA,8.964589870013447e-05
1189,CTTACTGTCACCGTCACCGCAGCAACTCTACTT,8.964589870013447e-05
1190,CTCACAGTCACCGTGACCGCAGCAACCCTACTT,8.964589870013447e-05
1191,CTGACTGTTACGGTTACTGCAGCCACGCTACTC,8.964589870013447e-05
1192,CTTACAGTCACCGTCACCGCAGCAACTCTGCTT,8.964589870013447e-05
1193,CTTACTGTTACGGTCACTGCCGCCACTCTCCTT,8.964589870013447e-05
1194,CTGACTGTTACCGTCACAGCAGCCACTCTCCTT,8.964589870013447e-05
1195,CTCACAGTAACAGTCACTGCCGCTACTCTCCTC,8.964589870013447e-05
1196,CTGACTGTTACCGTGACTGCAGCCACTCTACTT,8.964589870013447e-05
1197,CTGACAGTCACCGTAACAGCAGCCACTCTCCTT,8.964589870013447e-05
1198,CTCACAGTGACCGTCACAGCCGCCACGCTTCTA,8.964589870013447e-05
1199,CTAACCGTCACAGTCACCGCAGCAACCCTACTT,8.964589870013447e-05
1200,CTGACAGTAACAGTCACAGCAGCAACGCTACTT,8.964589870013447e-05
1201,CTGACGGTGACCGTCACCGCAGCCACTCTCCTC,8.964589870013447e-05
1202,CTGACTGTTACGGTTACAGCAGCCACCCTACTC,8.964589870013447e-05
1203,CTTACAGTTACCGTAACCGCAGCCACGCTTCTT,8.964589870013447e-05
1204,CTTACCGTCACCGTTACCGCAGCCACGCTACTT,8.964589870013447e-05
1205,CTGACAGTAACAGTCACTGCCGCCACGCTGCTT,8.964589870013447e-05
1206,CTTACCGTTACCGTCACTGCAGCCACTCTTCTC,8.964589870013447e-05
1207,CTGACCGTCACTGTCACTGCCGCTACTCTCCTT,8.964589870013447e-05
1208,CTGACAGTTACCGTAACAGCCGCCACGCTTCTT,8.964589870013447e-05
1209,CTGACAGTAACCGTCACAGCCGCCACTCTTCTG,8.964589870013447e-05
1210,CTAACAGTTACAGTCACTGCCGCCACTCTGCTC,8.964589870013447e-05
1211,CTTACCGTCACCGTCACTGCAGCAACACTACTT,8.964589870013447e-05
1212,CTGACAGTTACCGTTACTGCAGCCACGCTTCTC,8.964589870013447e-05
1213,CTTACAGTCACCGTTACCGCAGCCACGCTTCTT,8.964589870013447e-05
1214,CTTACAGTAACGGTCACAGCAGCCACGCTACTT,8.964589870013447e-05
1215,CTAACAGTAACCGTCACAGCCGCAACGCTTCTT,8.964589870013447e-05
1216,CTGACAGTTACCGTAACTGCAGCCACGCTTCTC,8.964589870013447e-05
1217,CTTACAGTTACGGTCACCGCCGCAACGCTCCTT,8.964589870013447e-05
1218,CTGACAGTTACCGTGACTGCAGCCACTCTTCTT,8.964589870013447e-05
1219,CTGACCGTTACCGTAACTGCAGCCACGCTGCTG,8.964589870013447e-05
1220,CTGACTGTTACCGTCACTGCAGCCACTCTTCTT,8.964589870013447e-05
1221,CTTACAGTAACGGTAACTGCAGCCACGCTTCTT,8.964589870013447e-05
1222,CTGACAGTCACGGTGACTGCCGCCACTCTTCTT,8.964589870013447e-05
1223,CTGACAGTTACCGTTACAGCAGCCACCCTACTT,8.964589870013447e-05
1224,CTTACCGTTACGGTAACCGCTGCCACGCTCCTG,8.964589870013447e-05
1225,CTTACCGTTACGGTAACCGCCGCGACACTGCTG,8.964589870013447e-05
1226,CTAACAGTAACAGTCACAGCCGCAACTCTTCTT,8.964589870013447e-05
1227,CTGACGGTAACCGTGACAGCAGCAACCCTACTC,8.964589870013447e-05
1228,CTGACAGTTACGGTCACTGCAGCCACTCTCCTT,8.964589870013447e-05
1229,CTGACAGTTACCGTTACAGCCGCCACGCTGCTG,8.964589870013447e-05
1230,CTGACAGTTACCGTGACTGCCGCCACTCTTCTT,8.964589870013447e-05
1231,CTCACAGTTACCGTCACTGCAGCAACTCTACTT,8.964589870013447e-05
1232,CTTACGGTTACTGTAACCGCCGCCACGCTCCTA,8.964589870013447e-05
1233,CTGACTGTTACCGTCACTGCAGCCACGCTACTT,8.964589870013447e-05
1234,CTAACAGTCACAGTCACTGCCGCAACTCTTCTT,8.964589870013447e-05
1235,CTGACTGTAACAGTGACTGCTGCCACTCTACTT,8.964589870013447e-05
1236,CTGACAGTAACCGTCACTGCCGCCACGCTACTT,8.964589870013447e-05
1237,CTTACTGTCACCGTAACTGCAGCCACTCTACTA,8.964589870013447e-05
1238,CTGACAGTGACCGTGACAGCCGCCACTCTCCTA,8.964589870013447e-05
1239,CTGACAGTTACCGTCACCGCAGCCACGCTTCTG,8.964589870013447e-05
1240,CTGACGGTAACCGTAACCGCAGCAACCCTACTT,8.964589870013447e-05
1241,CTGACCGTCACTGTAACAGCCGCCACTCTCCTT,8.964589870013447e-05
1242,CTGACAGTAACAGTCACTGCCGCCACTCTCCTT,8.964589870013447e-05
1243,CTGACAGTAACCGTGACAGCAGCCACGCTTCTT,8.964589870013447e-05
1244,CTGACAGTGACCGTCACTGCAGCCACGCTTCTC,8.964589870013447e-05
1245,CTTACAGTTACGGTCACTGCCGCCACTCTTCTC,8.964589870013447e-05
1246,CTCACCGTTACCGTCACGGCTGCTACCCTCCTT,8.964589870013447e-05
1247,CTTACAGTAACGGTAACCGCCGCCACGCTTCTT,8.964589870013447e-05
1248,CTTACGGTTACTGTAACCGCAGCCACCCTCCTA,8.964589870013447e-05
1249,CTCACAGTTACCGTCACTGCAGCCACTCTGCTG,8.964589870013447e-05
1250,CTCACAGTTACTGTCACTGCAGCCACTCTACTT,8.964589870013447e-05
1251,CTTACCGTTACGGTAACCGCAGCAACACTCCTG,8.964589870013447e-05
1252,CTAACTGTAACGGTCACTGCCGCAACTCTGCTC,8.964589870013447e-05
1253,CTTACAGTTACGGTAACCGCAGCCACACTCCTG,8.964589870013447e-05
1254,CTTACCGTCACGGTAACCGCAGCCACGCTACTT,8.964589870013447e-05
1255,CTTACAGTTACGGTCACAGCAGCCACGCTTCTC,8.964589870013447e-05
1256,CTGACAGTTACCGTTACAGCAGCCACGCTTCTA,8.964589870013447e-05
1257,CTTACCGTAACCGTAACCGCAGCCACCCTACTC,8.964589870013447e-05
1258,CTGACAGTGACCGTCACAGCTGCCACTCTACTA,8.964589870013447e-05
1259,CTGACAGTTACCGTTACAGCAGCCACTCTTCTC,8.964589870013447e-05
1260,CTGACGGTTACCGTGACAGCCGCCACCCTCCTA,8.964589870013447e-05
1261,CTGACTGTGACCGTTACCGCAGCCACACTACTT,8.964589870013447e-05
1262,CTGACGGTAACAGTGACAGCAGCAACTCTACTT,8.964589870013447e-05
1263,CTTACAGTTACGGTCACCGCAGCAACACTCCTT,8.964589870013447e-05
1264,CTGACAGTCACGGTAACTGCCGCCACTCTTCTT,8.964589870013447e-05
1265,CTCACCGTTACCGTCACTGCCGCAACCCTACTT,8.964589870013447e-05
1266,CTCACAGTTACCGTCACTGCAGCCACGCTTCTT,8.964589870013447e-05
1267,CTTACCGTTACCGTAACCGCTGCCACTCTACTG,8.964589870013447e-05
1268,CTGACCGTAACCGTCACTGCCGCCACACTTCTC,8.964589870013447e-05
1269,CTGACCGTTACTGTCACTGCAGCCACTCTCCTT,8.964589870013447e-05
1270,CTTACAGTTACGGTCACTGCAGCTACTCTGCTC,8.964589870013447e-05
1271,CTGACCGTAACAGTCACAGCAGCAACCCTACTT,8.964589870013447e-05
1272,CTAACAGTAACAGTCACTGCCGCTACTCTCCTC,8.964589870013447e-05
1273,CTTACAGTGACCGTAACAGCCGCCACTCTCCTT,8.964589870013447e-05
1274,CTTACAGTTACGGTCACTGCAGCCACGCTCCTC,8.964589870013447e-05
1275,CTGACAGTAACAGTGACTGCAGCTACCCTTCTC,8.964589870013447e-05
1276,CTAACAGTCACGGTCACAGCCGCAACGCTTCTT,8.964589870013447e-05
1277,CTGACCGTTACCGTCACTGCAGCAACCCTACTT,8.964589870013447e-05
1278,CTGACAGTTACCGTCACAGCAGCCACTCTTCTC,8.964589870013447e-05
1279,CTTACAGTTACCGTCACTGCCGCCACTCTACTA,8.964589870013447e-05
1280,CTGACAGTTACCGTCACAGCCGCAACCCTTCTT,8.964589870013447e-05
1281,CTAACTGTTACGGTAACCGCTGCTACTCTGCTC,8.964589870013447e-05
1282,CTGACTGTGACCGTTACTGCTGCCACTCTACTT,8.964589870013447e-05
1283,CTGACCGTCACTGTAACTGCAGCCACTCTACTT,8.964589870013447e-05
1284,CTGACAGTAACGGTAACAGCCGCCACGCTGCTT,8.964589870013447e-05
1285,CTTACAGTTACCGTAACCGCAGCCACGCTACTC,8.964589870013447e-05
1286,CTGACCGTGACCGTAACCGCAGCCACTCTACTA,8.964589870013447e-05
1287,CTTACCGTAACAGTCACTGCCGCCACGCTGCTT,8.964589870013447e-05
1288,CTCACAGTTACCGTCACTGCAGCCACTCTACTG,8.964589870013447e-05
1289,CTTACCGTCACCGTCACCGCAGCAACTCTACTT,8.964589870013447e-05
1290,CTGACAGTCACCGTGACTGCCGCGACTCTTCTT,8.964589870013447e-05
1291,CTGACAGTCACAGTGACTGCAGCCACTCTTCTT,8.964589870013447e-05
1292,CTTACCGTTACGGTAACTGCTGCCACGCTACTT,8.964589870013447e-05
1293,CTCACAGTTACCGTCACCGCAGCCACTCTCCTG,8.964589870013447e-05
1294,CTGACAGTAACAGTGACAGCAGCAACGCTTCTT,8.964589870013447e-05
1295,CTTACAGTTACGGTCACTGCAGCCACACTCCTC,8.964589870013447e-05
1296,CTGACAGTAACCGTCACTGCCGCTACTCTGCTC,8.964589870013447e-05
1297,CTGACAGTTACCGTCACTGCCGCCACTCTGCTC,8.964589870013447e-05
1298,CTGACAGTTACTGTCACTGCAGCAACCCTACTC,8.964589870013447e-05
1299,CTGACAGTAACCGTCACAGCAGCCACGCTACTT,8.964589870013447e-05
1300,CTCACAGTCACCGTGACTGCTGCCACCCTACTT,8.964589870013447e-05
1301,CTGACAGTAACGGTCACAGCAGCAACGCTACTT,8.964589870013447e-05
1302,CTGACAGTTACGGTCACAGCAGCAACCCTCCTT,8.964589870013447e-05
1303,CTTACCGTAACCGTAACCGCCGCCACGCTACTT,8.964589870013447e-05
1304,CTTACAGTTACCGTCACCGCAGCCACTCTCCTC,8.964589870013447e-05
1305,CTGACAGTAACCGTCACTGCAGCCACTCTACTC,8.964589870013447e-05
1306,CTTACCGTCACCGTAACCGCAGCCACACTACTT,8.964589870013447e-05
1307,CTGACTGTAACCGTGACTGCTGCCACTCTACTA,8.964589870013447e-05
1308,CTGACAGTAACAGTCACTGCAGCCACTCTGCTC,8.964589870013447e-05
1309,CTGACAGTAACCGTGACTGCAGCCACTCTACTT,8.964589870013447e-05
1310,CTGACAGTTACCGTAACCGCAGCCACGCTTCTG,8.964589870013447e-05
1311,CTGACTGTCACCGTCACCGCAGCAACACTACTT,8.964589870013447e-05
1312,CTGACAGTTACCGTCACAGCTGCCACTCTTCTT,8.964589870013447e-05
1313,CTCACAGTCACGGTCACCGCCGCAACACTTCTT,8.964589870013447e-05
1314,CTCACAGTCACCGTGACCGCCGCGACTCTACTT,8.964589870013447e-05
1315,CTGACAGTAACAGTCACTGCCGCCACTCTACTC,8.964589870013447e-05
1316,CTGACAGTAACCGTCACAGCAGCCACACTTCTC,8.964589870013447e-05
1317,CTGACTGTGACTGTAACTGCAGCTACCCTTCTC,8.964589870013447e-05
1318,CTGACCGTGACGGTAACTGCCGCCACTCTCCTT,8.964589870013447e-05
1319,CTTACCGTGACGGTAACCGCCGCCACGCTCCTC,8.964589870013447e-05
1320,CTGACTGTGACCGTCACTGCAGCCACTCTACTT,8.964589870013447e-05
1321,CTGACCGTAACCGTCACAGCAGCTACCCTTCTT,8.964589870013447e-05
1322,CTAACAGTTACGGTCACTGCCGCAACGCTACTT,8.964589870013447e-05
1323,CTGACAGTTACCGTCACCGCCGCCACTCTCCTT,8.964589870013447e-05
1324,CTGACAGTTACTGTCACTGCCGCCACTCTTCTT,8.964589870013447e-05
1325,CTGACAGTTACCGTCACAGCCGCCACGCTTCTG,8.964589870013447e-05
1326,CTGACTGTGACCGTCACTGCCGCCACCCTTCTC,8.964589870013447e-05
1327,CTGACGGTCACCGTTACCGCAGCAACACTACTT,8.964589870013447e-05
1328,CTCACAGTCACCGTCACCGCAGCAACGCTACTT,8.964589870013447e-05
1329,CTGACCGTTACCGTCACTGCAGCAACTCTACTT,8.964589870013447e-05
1330,CTTACAGTGACCGTCACCGCCGCCACTCTACTT,8.964589870013447e-05
1331,CTTACGGTTACGGTGACAGCAGCAACCCTACTT,8.964589870013447e-05
1332,CTGACGGTAACCGTCACAGCAGCAACTCTACTC,8.964589870013447e-05
1333,CTTACAGTTACCGTAACCGCAGCCACGCTTCTG,8.964589870013447e-05
1334,CTAACAGTTACAGTCACTGCCGCTACTCTGCTC,8.964589870013447e-05
1335,CTTACCGTAACCGTCACCGCAGCGACCCTACTC,8.964589870013447e-05
1336,CTTACAGTTACCGTAACCGCCGCAACCCTACTT,8.964589870013447e-05
1337,CTGACAGTTACAGTGACTGCAGCCACTCTTCTT,8.964589870013447e-05
1338,CTTACAGTAACAGTCACTGCCGCTACTCTCCTC,8.964589870013447e-05
1339,CTGACCGTAACCGTAACTGCAGCCACGCTACTT,8.964589870013447e-05
1340,CTTACAGTTACCGTAACCGCAGCCACACTCCTT,8.964589870013447e-05
1341,CTTACCGTTACGGTAACTGCCGCCACGCTGCTG,8.964589870013447e-05
1342,CTGACCGTAACCGTAACAGCAGCAACCCTACTT,8.964589870013447e-05
1343,CTTACCGTTACGGTAACCGCAGCAACGCTACTT,8.964589870013447e-05
1344,CTTACAGTTACGGTCACTGCAGCCACGCTTCTG,8.964589870013447e-05
1345,CTTACCGTAACGGTAACTGCAGCCACGCTTCTT,8.964589870013447e-05
1346,CTTACAGTTACGGTAACTGCAGCCACGCTGCTG,8.964589870013447e-05
1347,CTGACTGTTACTGTCACTGCCGCCACTCTCCTT,8.964589870013447e-05
1348,CTTACAGTTACGGTCACTGCTGCAACTCTCCTG,8.964589870013447e-05
1349,CTTACAGTAACCGTCACAGCCGCCACTCTCCTT,8.964589870013447e-05
1350,CTGACAGTTACGGTTACAGCAGCCACGCTTCTG,8.964589870013447e-05
1351,CTTACCGTTACGGTAACTGCAGCCACGCTCCTT,8.964589870013447e-05
1352,CTAACAGTAACCGTCACAGCCGCCACTCTCCTC,8.964589870013447e-05
1353,CTGACAGTCACCGTAACCGCCGCAACGCTTCTT,8.964589870013447e-05
1354,CTGACAGTCACCGTGACCGCAGCAACCCTACTT,8.964589870013447e-05
1355,CTTACAGTCACGGTCACCGCAGCCACGCTTCTC,8.964589870013447e-05
1356,CTGACCGTCACTGTAACTGCAGCAACTCTACTT,8.964589870013447e-05
1357,CTGACTGTGACCGTTACAGCAGCCACTCTACTA,8.964589870013447e-05
1358,CTGACAGTAACTGTAACAGCAGCAACCCTTCTT,8.964589870013447e-05
1359,CTGACAGTAACCGTGACCGCAGCAACCCTACTT,8.964589870013447e-05
1360,CTTACAGTAACGGTCACTGCCGCCACTCTGCTT,8.964589870013447e-05
1361,CTTACCGTTACCGTAACCGCAGCCACGCTACTG,8.964589870013447e-05
1362,CTTACAGTTACCGTAACCGCCGCAACGCTTCTT,8.964589870013447e-05
1363,CTTACCGTTACGGTCACCGCAGCAACACTACTT,8.964589870013447e-05
1364,CTGACTGTGACTGTAACTGCTGCCACCCTTCTT,8.964589870013447e-05
1365,CTCACCGTAACAGTCACTGCAGCAACCCTACTT,8.964589870013447e-05
1366,CTGACAGTTACGGTCACAGCAGCCACGCTTCTG,8.964589870013447e-05
1367,CTTACAGTAACCGTCACCGCCGCCACTCTACTT,8.964589870013447e-05
1368,CTGACAGTCACCGTCACCGCTGCCACTCTACTT,8.964589870013447e-05
1369,CTTACAGTTACGGTTACTGCAGCCACGCTTCTT,8.964589870013447e-05
1370,CTTACAGTTACGGTCACTGCAGCCACTCTTCTG,8.964589870013447e-05
1371,CTTACTGTCACCGTTACCGCCGCAACACTCCTT,8.964589870013447e-05
1372,CTTACAGTAACCGTCACAGCAGCCACTCTACTT,8.964589870013447e-05
1373,CTGACAGTAACCGTAACTGCCGCCACGCTACTT,8.964589870013447e-05
1374,CTGACTGTAACCGTCACAGCAGCAACCCTACTT,8.964589870013447e-05
1375,CTTACCGTTACCGTTACTGCAGCAACCCTACTT,8.964589870013447e-05
1376,CTCACAGTTACCGTGACCGCAGCCACCCTACTT,8.964589870013447e-05
1377,CTTACAGTGACCGTCACTGCCGCCACTCTCCTC,8.964589870013447e-05
1378,CTTACCGTAACCGTAACAGCAGCAACGCTACTT,8.964589870013447e-05
1379,CTCACGGTGACCGTCACCGCCGCCACTCTCCTC,8.964589870013447e-05
1380,CTTACCGTTACCGTAACCGCAGCGACCCTACTT,8.964589870013447e-05
1381,CTCACCGTGACCGTCACCGCAGCCACTCTACTT,8.964589870013447e-05
1382,CTTACAGTCACCGTAACCGCAGCAACCCTACTT,8.964589870013447e-05
1383,CTTACCGTTACCGTAACCGCCGCAACACTACTT,8.964589870013447e-05
1384,CTTACAGTTACCGTCACAGCAGCCACTCTTCTC,8.964589870013447e-05
1385,CTGACAGTCACGGTCACTGCCGCCACGCTTCTT,8.964589870013447e-05
1386,CTGACTGTAACAGTGACAGCAGCCACTCTACTT,8.964589870013447e-05
1387,CTGACAGTAACCGTCACTGCCGCCACTCTCCTT,8.964589870013447e-05
1388,CTAACAGTTACGGTCACCGCCGCAACGCTTCTT,8.964589870013447e-05
1389,CTTACAGTTACGGTCACCGCTGCCACTCTCCTT,8.964589870013447e-05
1390,CTGACAGTGACCGTCACTGCCGCCACTCTCCTT,8.964589870013447e-05
1391,CTCACCGTGACGGTCACCGCCGCAACACTCCTC,8.964589870013447e-05
1392,CTTACCGTAACGGTAACTGCCGCCACGCTGTTT,8.964589870013447e-05
1393,CTTACAGTAACCGTAACTGCAGCCACGCTTCTT,8.964589870013447e-05
1394,CTCACCGTTACGGTCACCGCAGCAACACTACTT,8.964589870013447e-05
1395,CTTACTGTTACGGTCACTGCAGCCACGCTTCTC,8.964589870013447e-05
1396,CTTACCGTCACTGTCACTGCAGCAACTCTACTT,8.964589870013447e-05
1397,CTTACAGTCACCGTAACAGCAGCCACTCTACTT,8.964589870013447e-05
1398,CTTACTGTAACCGTCACTGCAGCGACCCTACTC,8.964589870013447e-05
1399,CTGACTGTTACCGTCACCGCAGCCACTCTCCTT,8.964589870013447e-05
1400,CTGACTGTCACAGTGACTGCAGCAACTCTACTT,8.964589870013447e-05
1401,CTTACAGTAACGGTCACTGCCGCCACGCTTCTT,8.964589870013447e-05
1402,CTCACGGTTACGGTCACCGCAGCAACACTCCTC,8.964589870013447e-05
1403,CTGACAGTCACCGTGACTGCAGCCACTCTACTT,8.964589870013447e-05
1404,CTTACTGTTACCGTCACTGCAGCAACCCTACTT,8.964589870013447e-05
1405,CTCACAGTAACGGTCACAGCCGCCACGCTTCTT,8.964589870013447e-05
1406,CTGACCGTCACCGTGACCGCAGCCACTCTACTC,8.964589870013447e-05
1407,CTGACTGTAACCGTCACTGCCGCCACTCTTCTT,8.964589870013447e-05
1408,CTGACCGTCACTGTAACTGCTGCTACTCTCCTT,8.964589870013447e-05
1409,CTCACCGTCACTGTCACTGCCGCAACTCTACTT,8.964589870013447e-05
1410,CTAACTGTGACCGTCACTGCCGCAACTCTACTC,8.964589870013447e-05
1411,CTTACAGTAACCGTAACTGCCGCCACTCTGCTT,8.964589870013447e-05
1412,CTGACAGTTACCGTTACTGCAGCAACTCTTCTT,8.964589870013447e-05
1413,CTTACAGTTACCGTAACAGCCGCCACGCTGCTT,8.964589870013447e-05
1414,CTAACAGTAACCGTCACTGCCGCTACTCTACTC,8.964589870013447e-05
1415,CTTACAGTAACAGTAACTGCCGCCACGCTGCTT,8.964589870013447e-05
1416,CTGACTGTAACCGTCACTGCAGCCACTCTACTT,8.964589870013447e-05
1417,CTCACAGTAACCGTCACTGCCGCCACTCTGCTC,8.964589870013447e-05
1418,CTAACAGTTACGGTCACTGCCGCAACGCTTCTT,8.964589870013447e-05
1419,CTGACAGTGACCGTCACAGCAGCCACTCTCCTT,8.964589870013447e-05
1420,CTGACCGTTACTGTCACTGCCGCTACCCTACTT,8.964589870013447e-05
1421,CTTACCGTTACCGTAACCGCTGCCACACTCCTG,8.964589870013447e-05
1422,CTGACAGTTACGGTCACTGCCGCCACTCTCCTT,8.964589870013447e-05
1423,CTGACGGTAACAGTGACTGCAGCAACGCTACTT,8.964589870013447e-05
1424,CTGACAGTTACCGTCACCGCTGCCACTCTCCTT,8.964589870013447e-05
1425,CTTACCGTCACCGTAACTGCCGCAACTCTCCTT,8.964589870013447e-05
1426,CTTACCGTAACGGTCACTGCAGCCACGCTACTT,8.964589870013447e-05
1427,CTGACAGTTACCGTAACAGCCGCCACTCTCCTG,8.964589870013447e-05
1428,CTGACTGTTACCGTCACTGCAGCCACGCTTCTT,8.964589870013447e-05
1429,CTTACTGTAACCGTAACTGCCGCCACGCTTCTT,8.964589870013447e-05
1430,CTGACGGTTACAGTCACAGCAGCCACTCTACTT,8.964589870013447e-05
1431,CTGACTGTGACCGTGACTGCTGCAACTCTACTA,8.964589870013447e-05
1432,CTCACAGTTACCGTCACAGCAGCCACCCTCCTT,8.964589870013447e-05
1433,CTTACAGTTACCGTCACAGCCGCCACTCTCCTG,8.964589870013447e-05
1434,CTTACAGTTACCGTTACCGCAGCCACACTACTT,8.964589870013447e-05
1435,CTCACAGTGACGGTCACCGCCGCAACGCTCCTT,8.964589870013447e-05
1436,CTTACAGTAACCGTCACTGCAGCCACCCTACTT,8.964589870013447e-05
1437,CTGACTGTGACCGTCACTGCCGCCACTCTTCTC,8.964589870013447e-05
1438,CTGACCGTCACCGTGACTGCCGCCACTCTACTT,8.964589870013447e-05
1439,CTTACAGTCACCGTAACAGCAGCCACTCTACTC,8.964589870013447e-05
1440,CTGACAGTTACGGTCACTGCAGCCACGCTTCTG,8.964589870013447e-05
1441,CTGACTGTTACCGTCACAGCAGCAACTCTACTT,8.964589870013447e-05
1442,CTTACTGTCACCGTAACCGCCGCAACGCTACTT,8.964589870013447e-05
1443,CTTACTGTGACCGTCACCGCCGCAACACTACTT,8.964589870013447e-05
1444,CTTACCGTTACCGTTACCGCAGCCACGCTACTT,8.964589870013447e-05
1445,CTTACCGTTACTGTCACTGCAGCCACTCTACTT,8.964589870013447e-05
1446,CTTACCGTTACGGTAACCGCCGCGACACTCCTA,8.964589870013447e-05
1447,CTTACCGTTACGGTCACCGCAGCAACCCTACTT,8.964589870013447e-05
1448,CTGACTGTTACGGTCACTGCCGCCACTCTCCTT,8.964589870013447e-05
1449,CTGACAGTGACCGTCACAGCAGCCACCCTACTT,8.964589870013447e-05
1450,CTTACCGTGACGGTAACTGCCGCCACGCTTCTT,8.964589870013447e-05
1451,CTGACGGTGACGGTCACAGCAGCAACACTCCTC,8.964589870013447e-05
1452,CTTACCGTTACCGTAACAGCAGCAACGCTTCTG,8.964589870013447e-05
1453,CTGACAGTTACCGTAACAGCAGCCACTCTACTC,8.964589870013447e-05
1454,CTTACAGTTACGGTCACTGCCGCAACGCTTCTT,8.964589870013447e-05
1455,CTGACCGTAACAGTAACAGCCGCAACCCTACTT,8.964589870013447e-05
1456,CTGACTGTAACTGTAACTGCTGCTACCCTTCTT,8.964589870013447e-05
1457,CTGACCGTCACCGTAACTGCAGCCACTCTACTC,8.964589870013447e-05
1458,CTTACTGTAACCGTCACCGCAGCGACCCTACTT,8.964589870013447e-05
1459,CTTACTGTCACCGTAACTGCAGCCACTCTACTC,8.964589870013447e-05
1460,CTTACCGTTACGGTAACGGCCGCAACGCTGCTT,8.964589870013447e-05
1461,CTTACAGTTACCGTCACTGCCGCCACGCTCCTA,8.964589870013447e-05
1462,CTGACCGTCACCGTGACAGCAGCCACTCTACTC,8.964589870013447e-05
1463,CTTACAGTGACCGTCACAGCCGCCACTCTCCTC,8.964589870013447e-05
1464,CTGACTGTTACGGTTACAGCAGCAACGCTACTT,8.964589870013447e-05
1465,CTGACAGTTACAGTCACAGCAGCCACTCTTCTG,8.964589870013447e-05
1466,CTTACGGTAACAGTGACAGCAGCAACCCTACTT,8.964589870013447e-05
1467,CTAACAGTCACGGTCACCGCTGCAACTCTTCTT,8.964589870013447e-05
1468,CTGACAGTGACCGTCACTGCTGCCACTCTCCTA,8.964589870013447e-05
1469,CTTACAGTTACCGTCACTGCTGCCACTCTACTG,8.964589870013447e-05
1470,CTTACAGTTACCGTAACCGCAGCCACGCTGCTG,8.964589870013447e-05
1471,CTTACCGTTACCGTCACTGCCGCCACTCTCCTT,8.964589870013447e-05
1472,CTGACCGTGACCGTCACTGCAGCCACTCTACTC,8.964589870013447e-05
1473,CTTACCGTTACCGTGACTGCAGCCACGCTACTT,8.964589870013447e-05
1474,CTGACAGTAACCGTCACAGCCGCCACTCTTCTC,8.964589870013447e-05
1475,CTGACTGTTACCGTTACCGCAGCCACTCTACTT,8.964589870013447e-05
1476,CTCACGGTAACGGTCACTGCCGCTACTCTCCTC,8.964589870013447e-05
1477,CTCACAGTAACCGTCACTGCCGCAACTCTCCTC,8.964589870013447e-05
1478,CTTACAGTTACCGTCACAGCAGCCACTCTACTC,8.964589870013447e-05
1479,CTGACAGTAACAGTCACAGCCGCTACTCTGCTC,8.964589870013447e-05
1480,CTCACAGTGACGGTCACCGCCGCAACGCTTCTC,8.964589870013447e-05
1481,CTCACGGTGACGGTCACCGCCGCAACTCTCCTC,8.964589870013447e-05
1482,CTTACAGTAACGGTCACTGCCGCCACTCTCCTT,8.964589870013447e-05
1483,CTGACAGTTACCGTAACCGCAGCCACTCTACTA,8.964589870013447e-05
1484,CTGACCGTTACCGTGACAGCAGCAACCCTACTT,8.964589870013447e-05
1485,CTTACTGTCACCGTAACCGCAGCCACTCTACTT,8.964589870013447e-05
1486,CTTACAGTAACGGTCACTGCAGCAACGCTTCTT,8.964589870013447e-05
1487,CTTACAGTTACAGTCACTGCCGCAACTCTGCTT,8.964589870013447e-05
1488,CTCACAGTGACCGTCACAGCAGCCACTCTCCTT,8.964589870013447e-05
1489,CTTACAGTCACCGTAACTGCAGCCACTCTACTC,8.964589870013447e-05
1490,CTGACTGTGACCGTGACAGCAGCCACTCTACTC,8.964589870013447e-05
1491,CTCACCGTCACCGTCACCGCAGCCACTCTACTC,8.964589870013447e-05
1492,CTTACAGTTACGGTAACCGCCGCGACGCTTCTT,8.964589870013447e-05
1493,CTGACTGTAACCGTCACTGCAGCAACTCTTCTC,8.964589870013447e-05
1494,CTGACAGTTACCGTGACAGCAGCCACTCTTCTT,8.964589870013447e-05
1495,CTGACTGTGACCGTGACTGCTGCCACTCTTCTC,8.964589870013447e-05
1496,CTTACCGTTACGGTCACTGCAGCAACACTACTT,8.964589870013447e-05
1497,CTTACTGTTACGGTTACAGCAGCAACCCTACTT,8.964589870013447e-05
1498,CTGACGGTAACGGTCACAGCAGCAACGCTACTT,8.964589870013447e-05
1499,CTCACAGTCACCGTCACAGCCGCCACTCTTCTT,8.964589870013447e-05
1500,CTTACGGTAACGGTAACTGCCGCCACGCTGCTT,8.964589870013447e-05
1501,CTGACCGTCACCGTAACAGCAGCCACTCTACTT,8.964589870013447e-05
1502,CTTACAGTAACCGTAACTGCGGCGACCCTACTT,8.964589870013447e-05
1503,CTAACAGTAACCGTCACTGCAGCCACTCTGCTC,8.964589870013447e-05
1504,CTTACCGTCACCGTAACTGCCGCCACTCTCCTT,8.964589870013447e-05
1505,CTGACCGTTACCGTTACCGCAGCAACACTACTT,8.964589870013447e-05
1506,CTTACAGTAACGGTAACCGCCGCGACGCTACTT,8.964589870013447e-05
1507,CTTACCGTAACCGTAACCGCAGCAACACTACTT,8.964589870013447e-05
1508,CTGACAGTTACTGTCACGGCCGCAACGCTTCTT,8.964589870013447e-05
1509,CTGACAGTGACCGTGACTGCCGCCACTCTTCTA,8.964589870013447e-05
1510,CTTACCGTCACCGTCACCGCCGCCACACTTCTC,8.964589870013447e-05
1511,CTGACAGTTACCGTCACAGCTGCCACTCTCCTG,8.964589870013447e-05
1512,CTGACAGTTACGGTAACTGCCGCCACGCTTCTT,8.964589870013447e-05
1513,CTCACAGTTACCGTCACAGCCGCCACGCTCCTA,8.964589870013447e-05
1514,CTGACCGTCACCGTAACTGCCGCTACTCTCCTT,8.964589870013447e-05
1515,CTTACCGTCACCGTAACTGCCGCCACGCTGCTT,8.964589870013447e-05
1516,CTTACCGTGACCGTAACTGCAGCCACTCTACTC,8.964589870013447e-05
1517,CTGACAGTTACCGTCACCGCAGCCACTCTGCTG,8.964589870013447e-05
1518,CTCACAGTTACCGTCACAGCAGCCACGCTTCTT,8.964589870013447e-05
1519,CTTACAGTCACCGTGACCGCAGCAACTCTACTT,8.964589870013447e-05
1520,CTTACCGTTACCGTAACCGCAGCCACGCTCCTG,8.964589870013447e-05
1521,CTTACCGTGACGGTAACTGCCGCCACGCTGCTT,8.964589870013447e-05
1522,CTTACCGTTACTGTAACAGCCGCAACTCTCCTT,8.964589870013447e-05
1523,CTAACAGTTACCGTCACTGCAGCCACGCTTCTG,8.964589870013447e-05
1524,CTTACTGTCACCGTCACCGCAGCAACCCTACTT,8.964589870013447e-05
1525,CTTACCGTTACGGTAACCGCAGCCACACTACTG,8.964589870013447e-05
1526,CTTACCGTTACCGTAACCGCTGCCACACTCCTA,8.964589870013447e-05
1527,CTGACTGTTACCGTGACTGCAGCAACCCTACTT,8.964589870013447e-05
1528,CTGACAGTAACAGTGACTGCCGCGACTCTACTT,8.964589870013447e-05
1529,CTTACCGTTACGGTCACTGCAGCCACACTACTG,8.964589870013447e-05
1530,CTCACCGTTACGGTCACCGCCGCAACACTCCTC,8.964589870013447e-05
1531,CTGACTGTTACCGTTACCGCAGCCACACTACTT,8.964589870013447e-05
1532,CTTACCGTAACGGTAACCGCCGCCACCCTACTT,8.964589870013447e-05
1533,CTGACAGTTACCGTCACTGCTGCCACTCTCCTT,8.964589870013447e-05
1534,CTAACTGTAACCGTCACTGCAGCAACTCTACTC,8.964589870013447e-05
1535,CTTACAGTTACGGTCACTGCAGCCACGCTCCTA,8.964589870013447e-05
1536,CTTACTGTAACCGTTACTGCAGCCACTCTACTT,8.964589870013447e-05
1537,CTGACCGTAACCGTAACTGCAGCCACGCTTCTT,8.964589870013447e-05
1538,CTGACCGTTACGGTAACAGCAGCCACTCTCCTG,8.964589870013447e-05
1539,CTCACAGTTACCGTCACTGCCGCCACTCTGCTC,8.964589870013447e-05
1540,CTGACAGTAACCGTAACAGCAGCCACTCTACTC,8.964589870013447e-05
1541,CTGACAGTTACTGTGACTGCCGCGACTCTTCTT,8.964589870013447e-05
1542,CTCACAGTTACGGTCACCGCCGCAACGCTTCTC,8.964589870013447e-05
1543,CTGACTGTAACCGTCACTGCTGCCACTCTACTC,8.964589870013447e-05
1544,CTTACAGTTACCGTAACTGCAGCCACGCTTCTT,8.964589870013447e-05
1545,CTTACAGTGACCGTCACAGCAGCCACTCTACTA,8.964589870013447e-05
1546,CTCACAGTTACCGTCACTGCCGCCACTCTACTT,8.964589870013447e-05
1547,CTGACAGTTACCGTGACAGCAGCAACCCTACTT,8.964589870013447e-05
1548,CTTACTGTAACCGTCACTGCCGCTACACTTCTC,8.964589870013447e-05
1549,CTTACCGTCACGGTAACTGCAGCCACGCTACTC,8.964589870013447e-05
1550,CTCACCGTCACCGTCACCGCCGCCACTCTACTT,8.964589870013447e-05
1551,CTGACAGTAACGGTCACTGCCGCCACGCTGCTT,8.964589870013447e-05
1552,CTCACAGTTACCGTCACAGCCGCCACTCTTCTA,8.964589870013447e-05
1553,CTGACAGTAACCGTGACTGCCGCCACTCTTCTT,8.964589870013447e-05
1554,CTAACTGTAACCGTCACTGCCGCAACTCTTCTT,8.964589870013447e-05
1555,CTGACGGTCACCGTTACAGCAGCAACCCTACTT,8.964589870013447e-05
1556,CTTACAGTTACGGTCACCGCCGCCACTCTCCTG,8.964589870013447e-05
1557,CTCACAGTCACCGTGACCGCAGCGACCCTACTT,8.964589870013447e-05
1558,CTTACAGTCACCGTCACCGCAGCCACCCTACTT,8.964589870013447e-05
1559,CTTACGGTTACCGTAACCGCAGCCACCCTCCTT,8.964589870013447e-05
1560,CTTACCGTTACGGTAACCGCAGCCACACTACTT,8.964589870013447e-05
1561,CTGACAGTTACGGTCACAGCAGCCACGCTTCTC,8.964589870013447e-05
1562,CTTACCGTTACTGTAACTGCAGCAACGCTACTT,8.964589870013447e-05
1563,CTGACAGTAACAGTCACAGCAGCCACTCTTCTT,8.964589870013447e-05
1564,CTTACAGTTACCGTAACCGCAGCGACCCTCCTT,8.964589870013447e-05
