,Barcode Sequence,Change in Count Freq
0,CTCACCGTTACTGTCACTGCAGCAACCCTACTT,-0.0580014571622176
1,CTGACAGTTACCGTTACAGCAGCCACGCTTCTG,0.1117622547242578
2,CTGACCGTTACTGTCACTGCAGCAACCCTACTT,-0.017523630310262
3,CTGACGGTAACAGTGACAGCAGCAACCCTACTT,0.047278035633412
4,CTCACAGTTACTGTCACTGCAGCAACCCTACTT,-0.0074719590093739
5,CTGACAGTCACAGTGACTGCCGCGACTCTTCTT,0.0019750688027276
6,CTAACCGTCACAGTAACCGCAGCTACCCTGCTG,-0.0060476340155666
7,CTGACTGTTACTGTCACGGCTGCCACTCTCCTT,0.0087781477185429
8,CTTACCGTAACGGTAACTGCCGCCACGCTGCTT,0.0598957791482129
9,CTGACCGTCACTGTAACTGCCGCTACTCTCCTT,0.0024327580814267
10,CTCACCGTTACTGTCACTGCAGCCACCCTACTT,-0.004670496917409
11,CTCACCGTTACCGTCACTGCAGCAACCCTACTT,-0.003408964612076
12,CTAACTGTAACCGTCACTGCGGCAACTCTGCTC,0.0013487577425621
13,CTCACTGTAACAGTTACTGCTGCTACTCTACTT,-0.0033959851650138
14,CTTACCGTCACCGTAACCGCAGCCACTCTACTC,0.0439158203471319
15,CTGACTGTGACCGTGACTGCTGCCACTCTACTA,0.0322388646836573
16,CTGACTGTTACTGTCACTGCTGCCACTCTCCTT,-0.0030132025070207
17,CTGACTGTAACCGTCACTGCCGCTACACTTCTC,0.0034135834743326
18,CTGACCGTTACCGTCACTGCAGCAACCCTACTT,-0.0031305671307772
19,CTGACAGTTACCGTTACAGCAGCCACGCTTCTT,0.0036955006174952
20,CTCACAGTTACCGTCACTGCAGCAACCCTACTT,-0.0025112953943392
21,CTTACCGTTACTGTCACTGCAGCAACCCTACTT,-0.0020011387271947
22,CTTACTGTAACCGTCACCGCAGCGACCCTACTC,0.0004535089862963
23,CTCACAGTTACAGTCACCGCAGCCACTCTGCTG,0.0041909180066456
24,CTGACAGTTACCGTCACTGCAGCAACCCTACTT,-0.0021120136274201
25,CTCACCGTTACTGTCACTGCAGCAACTCTACTT,-0.0020500864537763
26,CTGACCGTAACCGTGACTGCCGCAACCCTTCTC,-0.0018643049328449
27,CTGACAGTTACCGTAACCGCCGCAACCCTTCTA,0.0027695630745056
28,CTCACAGTCACCGTGACCGCTGCGACCCTACTT,0.0005903427806461
29,CTTACAGTTACGGTCACTGCAGCCACGCTTCTC,0.0446064790424121
30,CTGACAGTTACCGTTACTGCAGCCACGCTTCTT,-0.0012922210920567
31,CTGACTGTTACCGTCACTGCAGCCACTCTACTT,-0.0015888775132134
32,CTGACTGTTACGGTTACAGCAGCAACCCTACTC,0.0002936863594893
33,CTGACCGTTACTGTCACTGCAGCAACTCTACTT,-0.0017062421369699
34,CTAACAGTAACAGTCACTGCCGCTACTCTGCTC,0.0293731659869204
35,CTTACCGTTACTGTAACGGCCGCAACGCTGCTT,0.0040653038284261
36,CTGACCGTTACTGTTACTGCAGCAACCCTACTT,-0.0015204606160385
37,CTTACCGTTACGGTAACCGCTGCGACACTCCTG,0.0242975582096001
38,CTCACCGTTACCGTCACTGCAGCCACCCTACTT,-0.0011895957462943
39,CTAACAGTCACGGTCACCGCCGCAACGCTTCTT,0.0216423896971836
40,CTCACAGTTACCGTCACTGCAGCCACCCTACTT,-0.0011276685726505
41,CTGACAGTTACCGTCACTGCAGCAACCCTTCTT,-0.001245033196407
42,CTTACTGTCACCGTTACCGCAGCAACACTACTT,0.0396334966108543
43,CTCACCGTTACTGTCACTGCAGCCACTCTACTT,-0.0011553872977068
44,CTTACAGTTACGGTCACTGCTGCAACCCTCCTG,-0.000376292934462
45,CTGACTGTGACTGTAACTGCTGCTACCCTTCTC,0.0032160327370744
46,CTAACTGTTACGGTAACCGCTGCTACTCTGCTC,-0.0010869704005319
47,CTAACTGTAACCGTCACTGCAGCAACTCTGCTC,-0.0007283868057314
48,CTCACAGTTACCGTCACTGCAGCCACTCTACTT,-0.0009973245018318
49,CTGACAGTTACCGTCACTGCAGCCACTCTACTT,-0.0009076786031316
50,CTCACTGTTACCGTCACTGCAGCAACCCTACTT,-0.0010869704005319
51,CTGACGGTAACAGTGACTGCAGCAACCCTACTT,-0.0010250432268881
52,CTGACAGTTACCGTTACTGCAGCCACGCTTCTG,5.070755751344002e-05
53,CTCACAGTTACTGTCACTGCAGCCACTCTACTT,-0.0009631160532443
54,CTTACCGTCACCGTAACCGCAGCCACTCTACTT,0.001519250385303
55,CTCACCGTTACCGTCACTGCAGCCACTCTACTT,-0.0007218970822003
56,CTGACAGTTACCGTTACAGCAGCCACCCTACTT,-0.0009011888796005
57,CTCACCGTTACCGTCACTGCAGCAACTCTACTT,-0.0009011888796005
58,CTGACGGTCACAGTTACTGCTGCTACCCTGCTC,-0.0003910322124561
59,CTGACAGTTACCGTTACAGCAGCCACCCTTCTG,-0.0008392617059567
60,CTCACGGTGACGGTCACCGCCGCAACACTCCTC,0.0142831764493095
61,CTCACAGTGACCGTCACAGCCGCCACTCTCCTA,0.0735391154900984
62,CTGACTGTTACTGTCACTGCTGCCACTCTACTT,-0.0007773345323129
63,CTGACAGTAACAGTGACAGCAGCAACCCTACTT,0.0003880621507887
64,CTTACGGTTACTGTAACCGCCGCGACCCTCCTA,0.0035256686052934
65,CTGACAGTTACTGTCACTGCAGCCACGCTTCTT,-0.0007154073586691
66,CTTACCGTTACTGTCACTGCAGCCACCCTACTT,-0.0005638342863252
67,CTGACCGTTACTGTAACTGCCGCTACTCTCCTT,-0.0006534801850254
68,CTGACCGTCACTGTAACTGCAGCTACTCTCCTT,-0.0006534801850254
69,CTGACCGTTACCGTTACTGCAGCAACCCTACTT,-0.0006534801850254
70,CTGACTGTTACCGTGACTGCTGCCACTCTACTT,-0.0005915530113816
71,CTAACTGTGACTGTAACTGCAGCCACGCTCCTT,-0.0005019071126814
72,CTGACTGTTACCGTGACTGCAGCCACTCTACTT,-0.0005296258377378
73,CTGACAGTTACCGTTACAGCAGCAACCCTACTT,-0.0003503340403375
74,CTGACCGTTACCGTCACTGCAGCAACTCTACTT,-0.0005296258377378
75,CTCACCGTAACTGTCACTGCAGCAACCCTACTT,-0.0005296258377378
76,CTGACTGTGACCGTGACTGCTGCCACTCTACTT,0.0002771872505633
77,CTTACAGTTACCGTCACTGCAGCCACCCTACTT,-0.0004399799390376
78,CTGACTGTTACCGTTACTGCAGCCACTCTACTT,-0.0003780527653938
79,CTTACCGTAACGGTAACTGCAGCCACGCTGCTT,-4.718789564968676e-05
80,CTGACAGTTACCGTCACTGCAGCCACGCTTCTT,0.0004906874965511
81,CTGACCGTTACTGTCACAGCAGCAACCCTACTT,-0.0002264796930499
82,CTGACCGTTACAGTCACTGCAGCAACCCTACTT,-0.0004057714904502
83,CTTACAGTTACCGTCACTGCAGCAACCCTACTT,-0.00031612559175
84,CTTACCGTCACCGTAACTGCAGCCACTCTACTT,-0.0001368337943498
85,CTGACCGTCACTGTAACTGCAGCTACTCTACTT,-0.0004057714904502
86,CTGACTGTTACCGTCACTGCAGCCACTCTTCTT,-0.0004057714904502
87,CTTACTGTAACCGTCACCGCAGCGACCCTACTT,-0.0004057714904502
88,CTGACCGTTACCGTCACTGCAGCCACTCTACTT,-0.0001645525194061
89,CTTACCGTTACCGTAACCGCAGCCACTCTACTC,0.0008215523662953
90,CTTACCGTTACTGTCACTGCAGCCACTCTACTT,-0.0003438443168064
91,CTCACTGTTACTGTCACTGCAGCAACTCTACTT,-0.0002541984181062
92,CTGACGGTTACAGTGACAGCAGCAACCCTACTT,-0.0001645525194061
93,CTCACAGTTACCGTCACCGCAGCAACCCTACTT,-0.0003438443168064
94,CTCACTGTAACAGTTACTGCAGCTACTCTACTT,-0.0003438443168064
95,CTTACTGTTACCGTCACTGCAGCAACCCTACTT,-0.0003438443168064
96,CTCACAGTTACCGTCACTGCAGCAACTCTACTT,-0.0003438443168064
97,CTGACTGTTACCGTCACTGCTGCCACTCTACTT,1.4739277994108087e-05
98,CTGACAGTTACCGTTACAGCAGCCACTCTACTT,-0.0001645525194061
99,CTGACCGTTACCGTCACAGCAGCAACCCTACTT,-0.0003438443168064
100,CTGACAGTTACTGTCACTGCAGCCACTCTACTT,-0.0003438443168064
101,CTGACAGTTACCGTCACAGCAGCCACGCTTCTT,0.0012697818597959
102,CTGACAGTTACCGTCACTGCAGCCACGCTACTT,-0.0002819171431626
103,CTGACTGTAACCGTCACTGCCGCTACACTTCTT,-0.0001922712444625
104,CTGACTGTTACCGTGACTGCTGCCACTCTACTA,-0.0001026253457623
105,CTTACCGTTACTGTAACTGCCGCAACGCTGCTT,-1.2979447062231512e-05
106,CTTACCGTCACCGTAACTGCAGCCACTCTACTC,0.000166312350338
107,CTGACAGTTACCGTTACAGCAGCCACGCTACTT,0.0008834795399391
108,CTGACCGTAACCGTGACTGCAGCAACCCTACTT,-0.0002819171431626
109,CTGACCGTAACAGTGACTGCAGCAACCCTACTT,-0.0002819171431626
110,CTTACAGTAACCGTAACCGCGGCGACCCTACTT,0.0058140039684465
111,CTTACCGTAACCGTAACTGCCGCCACGCTGCTT,0.0013039903083834
112,CTGACGGTAACCGTGACAGCAGCAACCCTACTT,0.0013936362070835
113,CTTACCGTTACCGTCACTGCAGCCACCCTACTT,-0.0001303440708187
114,CTGACTGTAACCGTCACTGCAGCAACCCTACTT,-0.0001303440708187
115,CTGACAGTTACTGTCACTGCAGCCACTCTCCTT,-0.0002199899695188
116,CTGACCGTTACTGTGACAGCAGCAACCCTACTT,-0.0002199899695188
117,CTTACCGTTACCGTCACTGCAGCAACCCTACTT,0.0001385936252816
118,CTGACAGTTACCGTCACAGCAGCCACCCTACTT,-4.069817211857106e-05
119,CTGACAGTTACCGTGACAGCAGCAACCCTACTT,-0.0002199899695188
120,CTCACAGTTACCGTCACAGCAGCCACCCTACTT,-0.0001303440708187
121,CTGACTGTTACCGTGACTGCAGCCACTCTACTA,-0.0002199899695188
122,CTTACAGTTACGGTCACTGCAGCCACGCTTCTT,0.0022623764690285
123,CTTACCGTTACGGTAACTGCCGCCACGCTGCTT,0.0004694584950258
124,CTGACAGTTACCGTTACAGCAGCCACTCTTCTG,0.0001108749002253
125,CTCACCGTTACCGTCACTGCAGCTACCCTTCTT,-0.000158062795875
126,CTGACAGTAACAGTGACTGCAGCAACCCTACTT,-0.000158062795875
127,CTGACTGTAACCGTGACTGCAGCAACCCTACTT,-6.841689717491063e-05
128,CTGACAGTTACCGTCACTGCAGCCACGCTTCTG,0.0001108749002253
129,CTCACAGTTACCGTCACAGCCGCCACTCTCCTT,-6.841689717491063e-05
130,CTAACTGTAACCGTCACTGCAGCAACTCTACTC,-0.000158062795875
131,CTGACTGTAACCGTGACTGCTGCCACTCTACTT,-0.000158062795875
132,CTTACAGTAACCGTAACCGCAGCGACCCTACTT,0.0001108749002253
133,CTAACAGTCACGGTCACCGCAGCAACGCTTCTT,-6.841689717491063e-05
134,CTCACAGTTACCGTCACTGCAGCCACTCTCCTT,2.1229001525223845e-05
135,CTGACTGTAACCGTCACTGCAGCAACTCTACTT,-0.000158062795875
136,CTGACAGTTACCGTTACTGCAGCCACGCTACTT,2.1229001525223845e-05
137,CTGACTGTTACTGTCACGGCAGCCACTCTCCTT,2.1229001525223845e-05
138,CTTACCGTTACCGTAACCGCAGCCACTCTACTT,-6.841689717491063e-05
139,CTTACCGTTACCGTCACTGCAGCCACTCTACTT,0.0002005207989254
140,CTGACCGTAACAGTGACAGCAGCAACCCTACTT,0.0001108749002253
141,CTGACCGTTACTGTCACTGCAGCCACTCTCCTT,-0.000158062795875
142,CTGACGGTAACAGTCACAGCAGCAACCCTACTT,0.0006210315673698
143,CTGACCGTCACCGTAACTGCAGCCACTCTACTT,8.315617516901872e-05
144,CTGACAGTTACAGTCACTGCCGCGACTCTTCTT,-9.613562223125022e-05
145,CTCACCGTTACTGTCACTGCCGCAACCCTACTT,8.315617516901872e-05
146,CTGACTGTAACCGTCACTGCAGCCACTCTACTT,-9.613562223125022e-05
147,CTCACAGTTACCGTCACTGCCGCCACTCTACTT,-9.613562223125022e-05
148,CTTACAGTTACCGTCACTGCAGCCACGCTTCTC,0.0021450118452721
149,CTTACCGTCACCGTCACCGCAGCCACTCTACTT,-9.613562223125022e-05
150,CTTACTGTTACCGTTACTGCAGCAACCCTACTT,-9.613562223125022e-05
151,CTCACAGTTACCGTCACAGCAGCCACTCTCCTA,-6.489723531115756e-06
152,CTGACTGTTACCGTCACTGCTGCCACTCTTCTT,-9.613562223125022e-05
153,CTGACAGTTACCGTTACTGCAGCAACTCTTCTT,-9.613562223125022e-05
154,CTGACAGTAACCGTGACAGCAGCAACCCTACTT,0.0003520938712694
155,CTGACAGTTACCGTTACAGCAGCCACGCTACTG,0.0004417397699695
156,CTCACAGTTACCGTCACTGCAGCCACTCTACTG,-9.613562223125022e-05
157,CTTACTGTCACCGTTACTGCAGCAACACTACTT,-6.489723531115756e-06
158,CTCACAGTTACCGTCACAGCAGCAACCCTACTT,8.315617516901872e-05
159,CTCACAGTTACCGTCACAGCCGCCACTCTCCTA,0.0010692610608704
160,CTGACTGTTACTGTCACAGCAGCCACTCTCCTT,8.315617516901872e-05
161,CTGACAGTTACCGTCACAGCAGCAACCCTTCTT,-9.613562223125022e-05
162,CTGACAGTCACCGTGACTGCCGCGACTCTTCTT,-9.613562223125022e-05
163,CTCACCGTTACTGTCACTGCCGCAACTCTACTT,-6.489723531115756e-06
164,CTGACAGTTACAGTCACTGCAGCCACTCTACTT,-9.613562223125022e-05
165,CTTACTGTCACCGTTACCGCAGCAACCCTACTT,0.0002624479725692
166,CTTACCGTTACCGTAACGGCGGCGACACTCCTA,0.0009796151621703
167,CTCACCGTTACCGTCACGGCTGCTACCCTTCTT,0.0002624479725692
168,CTGACAGTCACAGTGACTGCCGCCACTCTTCTT,0.0006829587410136
169,CTAACAGTCACGGTCACTGCCGCAACGCTTCTT,0.0002347292475129
170,CTGACAGTTACTGTGACTGCCGCGACTCTTCTT,-3.420844858745532e-05
171,CTGACTGTTACCGTGACTGCAGCAACCCTACTT,-3.420844858745532e-05
172,CTGACTGTGACTGTAACTGCTGCTACCCTTCTT,5.543745011267915e-05
173,CTGACAGTTACCGTCACTGCAGCCACTCTTCTC,5.543745011267915e-05
174,CTGACAGTTACGGTCACTGCAGCCACGCTTCTT,0.000324375146213
175,CTCACCGTTACTGTCACTGCAGCCACGCTACTT,-3.420844858745532e-05
176,CTGACAGTTACCGTGACTGCAGCCACTCTTCTT,-3.420844858745532e-05
177,CTTACCGTTACCGTAACTGCAGCCACGCTACTT,5.543745011267915e-05
178,CTCACCGTTACCGTCACTGCCGCCACTCTACTT,0.0001450833488128
179,CTGACTGTGACCGTCACTGCTGCCACTCTACTA,0.0005036669436133
180,CTCACAGTGACCGTCACAGCCGCCACTCTCCTT,0.0022069390189159
181,CTTACAGTTACCGTCACTGCAGCCACCCTTCTT,-3.420844858745532e-05
182,CTGACCGTTACTGTAACTGCCGCCACGCTTCTT,-3.420844858745532e-05
183,CTGACGGTAACAGTGACAGCAGCCACCCTACTT,0.0007726046397137
184,CTGACTGTTACCGTCACTGCAGCCACTCTACTA,-3.420844858745532e-05
185,CTGACAGTTACCGTGACTGCAGCCACGCTTCTT,-3.420844858745532e-05
186,CTGACAGTTACCGTCACAGCAGCCACTCTCCTT,0.000951896437114
187,CTTACAGTTACCGTCACTGCAGCCACGCTTCTT,0.000324375146213
188,CTGACTGTTACTGTCACAGCTGCCACTCTCCTT,-3.420844858745532e-05
189,CTTACCGTTACCGTCACTGCAGCCACTCTACTC,5.543745011267915e-05
190,CTGACAGTTACCGTCACAGCAGCCACGCTTCTG,0.0038205651955183
191,CTGACCGTCACCGTAACCGCAGCCACTCTACTT,-3.420844858745532e-05
192,CTTACCGTTACGGTAACCGCTGCGACCCTCCTG,-3.420844858745532e-05
193,CTTACCGTTACCGTAACCGCAGCCACCCTACTT,-3.420844858745532e-05
194,CTGACAGTTACCGTGACAGCAGCAACGCTACTT,-3.420844858745532e-05
195,CTGACAGTTACCGTCACAGCAGCCACTCTTCTT,-3.420844858745532e-05
196,CTGACTGTAACCGTGACTGCAGCCACTCTACTT,0.0002347292475129
197,CTTACCGTTACGGTAACTGCAGCCACGCTGCTT,0.000324375146213
198,CTCACCGTAACAGTCACTGCAGCAACCCTACTT,-3.420844858745532e-05
199,CTGACTGTGACCGTGACTGCAGCCACTCTACTA,0.0017587095254152
200,CTGACTGTTACTGTCACCGCTGCCACTCTCCTT,-3.420844858745532e-05
201,CTCACAGTTACCGTCACCGCAGCCACTCTACTT,5.543745011267915e-05
202,CTGACAGTTACCGTTACAGCAGCCACTCTACTG,0.0001450833488128
203,CTTACAGTTACCGTTACAGCAGCCACGCTTCTT,0.0002347292475129
204,CTCACCGTTACTGTCACTGCAGCAACGCTACTT,5.543745011267915e-05
205,CTGACCGTAACGGTAACTGCCGCCACGCTGCTT,0.0001450833488128
206,CTTACCGTTACGGTAACCGCAGCGACACTCCTG,0.0004140210449132
207,CTCACAGTTACCGTCACAGCAGCCACCCTCCTT,-3.420844858745532e-05
208,CTGACAGTTACCGTCACAGCAGCCACTCTACTT,0.0002347292475129
209,CTCACCGTTACGGTCACTGCAGCAACCCTACTT,5.543745011267915e-05
210,CTTACCGTTACCGTAACTGCAGCCACTCTACTC,-3.420844858745532e-05
211,CTCACAGTCACCGTGACCGCAGCGACCCTACTT,-3.420844858745532e-05
212,CTGACCGTCACCGTAACTGCAGCCACTCTACTC,-3.420844858745532e-05
213,CTGACAGTTACCGTGACAGCAGCCACTCTTCTT,-3.420844858745532e-05
214,CTGACCGTCACTGTAACTGCTGCTACTCTCCTT,-3.420844858745532e-05
215,CTTACAGTTACCGTCACTGCAGCCACTCTACTT,-3.420844858745532e-05
216,CTGACTGTAACCGTCACTGCCGCTACTCTTCTC,-3.420844858745532e-05
217,CTGACTGTGACCGTGACTGCAGCCACTCTACTT,0.000324375146213
218,CTTACCGTTACGGTCACTGCAGCCACGCTACTT,0.0006552400159572
219,CTTACAGTAACCGTAACTGCAGCCACCCTACTT,2.771872505633957e-05
220,CTGACAGTAACCGTGACTGCAGCCACTCTACTT,2.771872505633957e-05
221,CTCACAGTTACCGTCACCGCAGCCACTCTTCTG,2.771872505633957e-05
222,CTGACTGTTACCGTCACCGCAGCCACTCTCCTT,2.771872505633957e-05
223,CTTACCGTTACCGTAACCGCTGCGACACTCCTG,2.771872505633957e-05
224,CTTACTGTTACCGTCACTGCAGCCACTCTACTC,2.771872505633957e-05
225,CTTACCGTAACGGTAACTGCCGCCACGCTTCTT,0.0002070105224566
226,CTGACAGTTACCGTCACAGCAGCCACGCTACTT,0.0002070105224566
227,CTGACAGTTACGGTCACTGCAGCCACGCTTCTC,0.0002966564211567
228,CTTACCGTAACGGTAACTGCCGCCACTCTGCTT,0.0002070105224566
229,CTTACCGTTACCGTAACCGCAGCGACACTCCTG,2.771872505633957e-05
230,CTTACCGTTACCGTAACTGCCGCCACGCTGCTT,0.0002966564211567
231,CTCACAGTTACCGTCACCGCAGCCACTCTACTG,2.771872505633957e-05
232,CTGACAGTTACCGTCACAGCAGCAACCCTACTT,0.0002966564211567
233,CTGACTGTCACCGTTACTGCAGCCACTCTACTT,2.771872505633957e-05
234,CTGACAGTCACAGTGACTGCAGCCACTCTTCTT,2.771872505633957e-05
235,CTGACCGTTACCGTGACTGCAGCCACCCTACTT,2.771872505633957e-05
236,CTCACCGTCACTGTCACTGCCGCAACTCTACTT,2.771872505633957e-05
237,CTGACCGTAACAGTCACAGCAGCAACCCTACTT,2.771872505633957e-05
238,CTGACTGTAACAGTGACTGCAGCAACCCTACTT,2.771872505633957e-05
239,CTTACAGTTACGGTCACTGCAGCAACCCTACTT,2.771872505633957e-05
240,CTGACAGTCACCGTGACTGCCGCCACTCTTCTT,0.0001173646237564
241,CTGACAGTTACTGTCACTGCCGCCACTCTTCTT,2.771872505633957e-05
242,CTCACAGTTACCGTGACCGCAGCCACCCTACTT,2.771872505633957e-05
243,CTCACAGTTACCGTCACAGCAGCCACTCTACTT,2.771872505633957e-05
244,CTGACAGTTACCGTTACAGCAGCCACTCTTCTC,2.771872505633957e-05
245,CTGACCGTAACCGTGACTGCAGCCACCCTACTT,2.771872505633957e-05
246,CTGACAGTTACCGTAACAGCAGCCACGCTTCTT,0.0002070105224566
247,CTTACCGTAACCGTAACTGCAGCCACTCTACTT,0.0001173646237564
248,CTGACAGTAACCGTCACTGCCGCCACTCTCCTT,2.771872505633957e-05
249,CTAACAGTTACGGTCACCGCCGCAACGCTTCTT,2.771872505633957e-05
250,CTGACAGTTACGGTCACAGCAGCAACCCTACTT,2.771872505633957e-05
251,CTGACAGTTACCGTCACAGCAGCCACTCTTCTA,0.0002070105224566
252,CTGACGGTAACAGTCACTGCAGCAACCCTACTT,2.771872505633957e-05
253,CTTACCGTAACGGTAACTGCAGCCACCCTACTT,2.771872505633957e-05
254,CTAACAGTTACAGTCACTGCCGCTACTCTGCTC,2.771872505633957e-05
255,CTTACCGTTACCGTCACCGCAGCAACCCTACTT,0.0001173646237564
256,CTCACTGTAACAGTTACTGCTGCCACTCTACTT,0.0001173646237564
257,CTTACCGTTACGGTAACCGCTGCGACACTCCTT,0.000475948218557
258,CTTACAGTAACCGTCACTGCAGCAACTCTACTT,0.0001173646237564
259,CTGACAGTTACAGTGACTGCCGCCACTCTTCTT,2.771872505633957e-05
260,CTGACAGTTACCGTGACTGCCGCCACTCTTCTT,2.771872505633957e-05
261,CTGACAGTTACCGTAACCGCCGCCACCCTTCTA,0.0002070105224566
262,CTTACCGTTACGGTAACTGCCGCCACGCTCCTT,0.0002070105224566
263,CTTACTGTAACCGTCACTGCAGCAACTCTGCTC,0.0001173646237564
264,CTTACCGTAACGGTAACTGCAGCCACGCTACTT,0.0002966564211567
265,CTAACAGTAACAGTCACTGCCGCTACTCTGCTT,0.0002070105224566
266,CTCACAGTTACCGTCACTGCCGCCACTCTCCTA,2.771872505633957e-05
267,CTTACCGTTACCGTTACTGCAGCAACCCTACTT,2.771872505633957e-05
268,CTGACAGTAACAGTCACTGCCGCTACTCTGCTC,0.0002966564211567
269,CTAACAGTAACGGTCACTGCCGCCACGCTTCTT,2.771872505633957e-05
270,CTTACCGTCACCGTCACCGCAGCAACTCTACTT,2.771872505633957e-05
271,CTGACAGTTACCGTCACCGCAGCCACTCTTCTG,2.771872505633957e-05
272,CTTACCGTAACCGTAACTGCAGCCACGCTGCTT,0.0001173646237564
273,CTTACAGTTACCGTCACTGCAGCCACGCTACTT,2.771872505633957e-05
274,CTGACAGTTACGGTTACAGCAGCCACGCTTCTT,2.771872505633957e-05
275,CTTACTGTTACCGTTACCGCAGCAACACTACTT,0.000475948218557
276,CTCACAGTTACCGTCACCGCAGCCACTCTCCTG,2.771872505633957e-05
277,CTCACAGTCACCGTGACTGCTGCCACCCTACTT,2.771872505633957e-05
278,CTCACAGTGACCGTCACAGCAGCCACTCTCCTA,0.0008345318133575
279,CTTACAGTTACCGTCACAGCAGCCACTCTACTT,2.771872505633957e-05
280,CTTACCGTTACTGTCACTGCAGCAACGCTACTT,0.0001173646237564
281,CTGACAGTTACCGTCACTGCCGCCACTCTTCTT,0.0002966564211567
282,CTGACAGTCACAGTCACTGCCGCGACTCTTCTT,2.771872505633957e-05
283,CTGACTGTCACCGTGACTGCAGCCACTCTACTT,0.0001173646237564
284,CTCACAGTCACCGTGACCGCAGCAACCCTACTT,2.771872505633957e-05
285,CTGACGGTAACAGTAACAGCAGCAACCCTACTT,2.771872505633957e-05
286,CTAACTGTAACCGTCACTGCAGCAACCCTGCTC,2.771872505633957e-05
287,CTTACCGTAACGGTCACTGCCGCCACGCTGCTT,0.0011034695094579
288,CTTACTGTTACCGTCACCGCAGCAACTCTACTT,0.0001173646237564
289,CTTACCGTTACCGTAACTGCAGCCACGCTGCTT,2.771872505633957e-05
290,CTTACAGTAACCGTCACTGCAGCCACCCTACTT,2.771872505633957e-05
291,CTTACAGTCACCGTCACTGCAGCCACTCTACTC,0.0001173646237564
292,CTGACAGTTACCGTCACAGCAGCCACTCTCCTG,0.0003863023198568
293,CTGACCGTTACCGTAACAGCAGCCACGCTTCTT,2.771872505633957e-05
294,CTGACGGTAACGGTGACAGCAGCAACCCTACTT,2.771872505633957e-05
295,CTGACAGTAACAGTGACAGCAGCCACCCTACTT,0.0001173646237564
296,CTGACAGTTACCGTTACTGCAGCCACGCTGCTT,2.771872505633957e-05
297,CTGACCGTTACTGTCACTGCCGCCACTCTCCTT,0.0001173646237564
298,CTGACCGTCACCGTCACTGCCGCCACTCTACTT,2.771872505633957e-05
299,CTGACTGTTACCGTCACAGCTGCCACTCTTCTT,2.771872505633957e-05
300,CTTACCGTTACTGTAACTGCAGCAACGCTACTT,2.771872505633957e-05
301,CTGACAGTAACAGTCACAGCAGCAACCCTACTT,0.0003863023198568
302,CTGACAGTAACAGTCACTGCAGCTACTCTGCTC,2.771872505633957e-05
303,CTGACTGTAACCGTTACTGCTGCCACTCTACTT,0.0001173646237564
304,CTGACAGTAACCGTCACAGCAGCCACCCTACTT,0.0001173646237564
305,CTTACAGTCACCGTAACCGCAGCCACTCTACTC,0.0005655941172571
306,CTCACAGTTACCGTCACAGCCGCCACTCTACTT,2.771872505633957e-05
307,CTGACTGTAACAGTTACTGCAGCAACTCTACTT,2.771872505633957e-05
308,CTGACAGTTACCGTTACAGCAGCCACGCTTCTC,2.771872505633957e-05
309,CTGACAGTTACCGTGACAGCAGCCACCCTACTT,2.771872505633957e-05
310,CTCACAGTTACCGTCACTGCAGCCACTCTGCTG,2.771872505633957e-05
311,CTGACAGTAACCGTCACAGCAGCAACCCTACTT,0.0003863023198568
312,CTCACAGTTACCGTCACTGCCGCCACTCTCCTT,0.0002070105224566
313,CTCACAGTTACCGTCACAGCAGCCACGCTTCTT,2.771872505633957e-05
