,Barcode Sequence,Change in Count Freq,Alligned Barcode
0,CTCACCGTTACTGTCACTGCAGCAACCCTACTT,-0.0580014571622176,GGAGTGTCGGCTCTCCTGCTAGCAGCCGGATGCTGGGGACAAGTCACCCTCTCACCGTTACTGTCACTGCAGCAACCCTACTTTTTGCCACTATGCCTACATGGTTCCCGGTTGGCAAGCTGAGGCAATGCGC
1,CTGACAGTTACCGTTACAGCAGCCACGCTTCTG,0.1117622547242578,GGAGTGTCGGCTCTCCTGCTAGCAGCCGGATGCTGGGGACAAGTCACCCTCTGACAGTTACCGTTACAGCAGCCACGCTTCTGTTTGCCACTATGCCTACATGGTTCCCGGTTGGCAAGCTGAGGCAATGCGC
2,CTGACCGTTACTGTCACTGCAGCAACCCTACTT,-0.017523630310262002,GGAGTGTCGGCTCTCCTGCTAGCAGCCGGATGCTGGGGACAAGTCACCCTCTGACCGTTACTGTCACTGCAGCAACCCTACTTTTTGCCACTATGCCTACATGGTTCCCGGTTGGCAAGCTGAGGCAATGCGC
3,CTGACGGTAACAGTGACAGCAGCAACCCTACTT,0.047278035633412006,GGAGTGTCGGCTCTCCTGCTAGCAGCCGGATGCTGGGGACAAGTCACCCTCTGACGGTAACAGTGACAGCAGCAACCCTACTTTTTGCCACTATGCCTACATGGTTCCCGGTTGGCAAGCTGAGGCAATGCGC
4,CTCACAGTTACTGTCACTGCAGCAACCCTACTT,-0.0074719590093739,GGAGTGTCGGCTCTCCTGCTAGCAGCCGGATGCTGGGGACAAGTCACCCTCTCACAGTTACTGTCACTGCAGCAACCCTACTTTTTGCCACTATGCCTACATGGTTCCCGGTTGGCAAGCTGAGGCAATGCGC
5,CTGACAGTCACAGTGACTGCCGCGACTCTTCTT,0.0019750688027276,GGAGTGTCGGCTCTCCTGCTAGCAGCCGGATGCTGGGGACAAGTCACCCTCTGACAGTCACAGTGACTGCCGCGACTCTTCTTTTTGCCACTATGCCTACATGGTTCCCGGTTGGCAAGCTGAGGCAATGCGC
6,CTAACCGTCACAGTAACCGCAGCTACCCTGCTG,-0.0060476340155666,GGAGTGTCGGCTCTCCTGCTAGCAGCCGGATGCTGGGGACAAGTCACCCTCTAACCGTCACAGTAACCGCAGCTACCCTGCTGTTTGCCACTATGCCTACATGGTTCCCGGTTGGCAAGCTGAGGCAATGCGC
7,CTGACTGTTACTGTCACGGCTGCCACTCTCCTT,0.0087781477185429,GGAGTGTCGGCTCTCCTGCTAGCAGCCGGATGCTGGGGACAAGTCACCCTCTGACTGTTACTGTCACGGCTGCCACTCTCCTTTTTGCCACTATGCCTACATGGTTCCCGGTTGGCAAGCTGAGGCAATGCGC
8,CTTACCGTAACGGTAACTGCCGCCACGCTGCTT,0.0598957791482129,GGAGTGTCGGCTCTCCTGCTAGCAGCCGGATGCTGGGGACAAGTCACCCTCTTACCGTAACGGTAACTGCCGCCACGCTGCTTTTTGCCACTATGCCTACATGGTTCCCGGTTGGCAAGCTGAGGCAATGCGC
9,CTGACCGTCACTGTAACTGCCGCTACTCTCCTT,0.0024327580814267,GGAGTGTCGGCTCTCCTGCTAGCAGCCGGATGCTGGGGACAAGTCACCCTCTGACCGTCACTGTAACTGCCGCTACTCTCCTTTTTGCCACTATGCCTACATGGTTCCCGGTTGGCAAGCTGAGGCAATGCGC
10,CTCACCGTTACTGTCACTGCAGCCACCCTACTT,-0.004670496917409001,GGAGTGTCGGCTCTCCTGCTAGCAGCCGGATGCTGGGGACAAGTCACCCTCTCACCGTTACTGTCACTGCAGCCACCCTACTTTTTGCCACTATGCCTACATGGTTCCCGGTTGGCAAGCTGAGGCAATGCGC
11,CTCACCGTTACCGTCACTGCAGCAACCCTACTT,-0.0034089646120759997,GGAGTGTCGGCTCTCCTGCTAGCAGCCGGATGCTGGGGACAAGTCACCCTCTCACCGTTACCGTCACTGCAGCAACCCTACTTTTTGCCACTATGCCTACATGGTTCCCGGTTGGCAAGCTGAGGCAATGCGC
12,CTAACTGTAACCGTCACTGCGGCAACTCTGCTC,0.0013487577425621,GGAGTGTCGGCTCTCCTGCTAGCAGCCGGATGCTGGGGACAAGTCACCCTCTAACTGTAACCGTCACTGCGGCAACTCTGCTCTTTGCCACTATGCCTACATGGTTCCCGGTTGGCAAGCTGAGGCAATGCGC
13,CTCACTGTAACAGTTACTGCTGCTACTCTACTT,-0.0033959851650138,GGAGTGTCGGCTCTCCTGCTAGCAGCCGGATGCTGGGGACAAGTCACCCTCTCACTGTAACAGTTACTGCTGCTACTCTACTTTTTGCCACTATGCCTACATGGTTCCCGGTTGGCAAGCTGAGGCAATGCGC
14,CTTACCGTCACCGTAACCGCAGCCACTCTACTC,0.0439158203471319,GGAGTGTCGGCTCTCCTGCTAGCAGCCGGATGCTGGGGACAAGTCACCCTCTTACCGTCACCGTAACCGCAGCCACTCTACTCTTTGCCACTATGCCTACATGGTTCCCGGTTGGCAAGCTGAGGCAATGCGC
15,CTGACTGTGACCGTGACTGCTGCCACTCTACTA,0.0322388646836573,GGAGTGTCGGCTCTCCTGCTAGCAGCCGGATGCTGGGGACAAGTCACCCTCTGACTGTGACCGTGACTGCTGCCACTCTACTATTTGCCACTATGCCTACATGGTTCCCGGTTGGCAAGCTGAGGCAATGCGC
16,CTGACTGTTACTGTCACTGCTGCCACTCTCCTT,-0.0030132025070207,GGAGTGTCGGCTCTCCTGCTAGCAGCCGGATGCTGGGGACAAGTCACCCTCTGACTGTTACTGTCACTGCTGCCACTCTCCTTTTTGCCACTATGCCTACATGGTTCCCGGTTGGCAAGCTGAGGCAATGCGC
17,CTGACTGTAACCGTCACTGCCGCTACACTTCTC,0.0034135834743326,GGAGTGTCGGCTCTCCTGCTAGCAGCCGGATGCTGGGGACAAGTCACCCTCTGACTGTAACCGTCACTGCCGCTACACTTCTCTTTGCCACTATGCCTACATGGTTCCCGGTTGGCAAGCTGAGGCAATGCGC
18,CTGACCGTTACCGTCACTGCAGCAACCCTACTT,-0.0031305671307772,GGAGTGTCGGCTCTCCTGCTAGCAGCCGGATGCTGGGGACAAGTCACCCTCTGACCGTTACCGTCACTGCAGCAACCCTACTTTTTGCCACTATGCCTACATGGTTCCCGGTTGGCAAGCTGAGGCAATGCGC
19,CTGACAGTTACCGTTACAGCAGCCACGCTTCTT,0.0036955006174952,GGAGTGTCGGCTCTCCTGCTAGCAGCCGGATGCTGGGGACAAGTCACCCTCTGACAGTTACCGTTACAGCAGCCACGCTTCTTTTTGCCACTATGCCTACATGGTTCCCGGTTGGCAAGCTGAGGCAATGCGC
20,CTCACAGTTACCGTCACTGCAGCAACCCTACTT,-0.0025112953943392,GGAGTGTCGGCTCTCCTGCTAGCAGCCGGATGCTGGGGACAAGTCACCCTCTCACAGTTACCGTCACTGCAGCAACCCTACTTTTTGCCACTATGCCTACATGGTTCCCGGTTGGCAAGCTGAGGCAATGCGC
21,CTTACCGTTACTGTCACTGCAGCAACCCTACTT,-0.0020011387271947,GGAGTGTCGGCTCTCCTGCTAGCAGCCGGATGCTGGGGACAAGTCACCCTCTTACCGTTACTGTCACTGCAGCAACCCTACTTTTTGCCACTATGCCTACATGGTTCCCGGTTGGCAAGCTGAGGCAATGCGC
22,CTTACTGTAACCGTCACCGCAGCGACCCTACTC,0.0004535089862963,GGAGTGTCGGCTCTCCTGCTAGCAGCCGGATGCTGGGGACAAGTCACCCTCTTACTGTAACCGTCACCGCAGCGACCCTACTCTTTGCCACTATGCCTACATGGTTCCCGGTTGGCAAGCTGAGGCAATGCGC
23,CTCACAGTTACAGTCACCGCAGCCACTCTGCTG,0.0041909180066456,GGAGTGTCGGCTCTCCTGCTAGCAGCCGGATGCTGGGGACAAGTCACCCTCTCACAGTTACAGTCACCGCAGCCACTCTGCTGTTTGCCACTATGCCTACATGGTTCCCGGTTGGCAAGCTGAGGCAATGCGC
24,CTGACAGTTACCGTCACTGCAGCAACCCTACTT,-0.0021120136274201,GGAGTGTCGGCTCTCCTGCTAGCAGCCGGATGCTGGGGACAAGTCACCCTCTGACAGTTACCGTCACTGCAGCAACCCTACTTTTTGCCACTATGCCTACATGGTTCCCGGTTGGCAAGCTGAGGCAATGCGC
25,CTCACCGTTACTGTCACTGCAGCAACTCTACTT,-0.0020500864537763,GGAGTGTCGGCTCTCCTGCTAGCAGCCGGATGCTGGGGACAAGTCACCCTCTCACCGTTACTGTCACTGCAGCAACTCTACTTTTTGCCACTATGCCTACATGGTTCCCGGTTGGCAAGCTGAGGCAATGCGC
26,CTGACCGTAACCGTGACTGCCGCAACCCTTCTC,-0.0018643049328449,GGAGTGTCGGCTCTCCTGCTAGCAGCCGGATGCTGGGGACAAGTCACCCTCTGACCGTAACCGTGACTGCCGCAACCCTTCTCTTTGCCACTATGCCTACATGGTTCCCGGTTGGCAAGCTGAGGCAATGCGC
27,CTGACAGTTACCGTAACCGCCGCAACCCTTCTA,0.0027695630745056,GGAGTGTCGGCTCTCCTGCTAGCAGCCGGATGCTGGGGACAAGTCACCCTCTGACAGTTACCGTAACCGCCGCAACCCTTCTATTTGCCACTATGCCTACATGGTTCCCGGTTGGCAAGCTGAGGCAATGCGC
28,CTCACAGTCACCGTGACCGCTGCGACCCTACTT,0.0005903427806461,GGAGTGTCGGCTCTCCTGCTAGCAGCCGGATGCTGGGGACAAGTCACCCTCTCACAGTCACCGTGACCGCTGCGACCCTACTTTTTGCCACTATGCCTACATGGTTCCCGGTTGGCAAGCTGAGGCAATGCGC
29,CTTACAGTTACGGTCACTGCAGCCACGCTTCTC,0.0446064790424121,GGAGTGTCGGCTCTCCTGCTAGCAGCCGGATGCTGGGGACAAGTCACCCTCTTACAGTTACGGTCACTGCAGCCACGCTTCTCTTTGCCACTATGCCTACATGGTTCCCGGTTGGCAAGCTGAGGCAATGCGC
30,CTGACAGTTACCGTTACTGCAGCCACGCTTCTT,-0.0012922210920567,GGAGTGTCGGCTCTCCTGCTAGCAGCCGGATGCTGGGGACAAGTCACCCTCTGACAGTTACCGTTACTGCAGCCACGCTTCTTTTTGCCACTATGCCTACATGGTTCCCGGTTGGCAAGCTGAGGCAATGCGC
31,CTGACTGTTACCGTCACTGCAGCCACTCTACTT,-0.0015888775132134,GGAGTGTCGGCTCTCCTGCTAGCAGCCGGATGCTGGGGACAAGTCACCCTCTGACTGTTACCGTCACTGCAGCCACTCTACTTTTTGCCACTATGCCTACATGGTTCCCGGTTGGCAAGCTGAGGCAATGCGC
32,CTGACTGTTACGGTTACAGCAGCAACCCTACTC,0.0002936863594893,GGAGTGTCGGCTCTCCTGCTAGCAGCCGGATGCTGGGGACAAGTCACCCTCTGACTGTTACGGTTACAGCAGCAACCCTACTCTTTGCCACTATGCCTACATGGTTCCCGGTTGGCAAGCTGAGGCAATGCGC
33,CTGACCGTTACTGTCACTGCAGCAACTCTACTT,-0.0017062421369699,GGAGTGTCGGCTCTCCTGCTAGCAGCCGGATGCTGGGGACAAGTCACCCTCTGACCGTTACTGTCACTGCAGCAACTCTACTTTTTGCCACTATGCCTACATGGTTCCCGGTTGGCAAGCTGAGGCAATGCGC
34,CTAACAGTAACAGTCACTGCCGCTACTCTGCTC,0.0293731659869204,GGAGTGTCGGCTCTCCTGCTAGCAGCCGGATGCTGGGGACAAGTCACCCTCTAACAGTAACAGTCACTGCCGCTACTCTGCTCTTTGCCACTATGCCTACATGGTTCCCGGTTGGCAAGCTGAGGCAATGCGC
35,CTTACCGTTACTGTAACGGCCGCAACGCTGCTT,0.0040653038284261,GGAGTGTCGGCTCTCCTGCTAGCAGCCGGATGCTGGGGACAAGTCACCCTCTTACCGTTACTGTAACGGCCGCAACGCTGCTTTTTGCCACTATGCCTACATGGTTCCCGGTTGGCAAGCTGAGGCAATGCGC
36,CTGACCGTTACTGTTACTGCAGCAACCCTACTT,-0.0015204606160385,GGAGTGTCGGCTCTCCTGCTAGCAGCCGGATGCTGGGGACAAGTCACCCTCTGACCGTTACTGTTACTGCAGCAACCCTACTTTTTGCCACTATGCCTACATGGTTCCCGGTTGGCAAGCTGAGGCAATGCGC
37,CTTACCGTTACGGTAACCGCTGCGACACTCCTG,0.0242975582096001,GGAGTGTCGGCTCTCCTGCTAGCAGCCGGATGCTGGGGACAAGTCACCCTCTTACCGTTACGGTAACCGCTGCGACACTCCTGTTTGCCACTATGCCTACATGGTTCCCGGTTGGCAAGCTGAGGCAATGCGC
38,CTCACCGTTACCGTCACTGCAGCCACCCTACTT,-0.0011895957462943,GGAGTGTCGGCTCTCCTGCTAGCAGCCGGATGCTGGGGACAAGTCACCCTCTCACCGTTACCGTCACTGCAGCCACCCTACTTTTTGCCACTATGCCTACATGGTTCCCGGTTGGCAAGCTGAGGCAATGCGC
39,CTAACAGTCACGGTCACCGCCGCAACGCTTCTT,0.0216423896971836,GGAGTGTCGGCTCTCCTGCTAGCAGCCGGATGCTGGGGACAAGTCACCCTCTAACAGTCACGGTCACCGCCGCAACGCTTCTTTTTGCCACTATGCCTACATGGTTCCCGGTTGGCAAGCTGAGGCAATGCGC
40,CTCACAGTTACCGTCACTGCAGCCACCCTACTT,-0.0011276685726505,GGAGTGTCGGCTCTCCTGCTAGCAGCCGGATGCTGGGGACAAGTCACCCTCTCACAGTTACCGTCACTGCAGCCACCCTACTTTTTGCCACTATGCCTACATGGTTCCCGGTTGGCAAGCTGAGGCAATGCGC
41,CTGACAGTTACCGTCACTGCAGCAACCCTTCTT,-0.001245033196407,GGAGTGTCGGCTCTCCTGCTAGCAGCCGGATGCTGGGGACAAGTCACCCTCTGACAGTTACCGTCACTGCAGCAACCCTTCTTTTTGCCACTATGCCTACATGGTTCCCGGTTGGCAAGCTGAGGCAATGCGC
42,CTTACTGTCACCGTTACCGCAGCAACACTACTT,0.0396334966108543,GGAGTGTCGGCTCTCCTGCTAGCAGCCGGATGCTGGGGACAAGTCACCCTCTTACTGTCACCGTTACCGCAGCAACACTACTTTTTGCCACTATGCCTACATGGTTCCCGGTTGGCAAGCTGAGGCAATGCGC
43,CTCACCGTTACTGTCACTGCAGCCACTCTACTT,-0.0011553872977068,GGAGTGTCGGCTCTCCTGCTAGCAGCCGGATGCTGGGGACAAGTCACCCTCTCACCGTTACTGTCACTGCAGCCACTCTACTTTTTGCCACTATGCCTACATGGTTCCCGGTTGGCAAGCTGAGGCAATGCGC
44,CTTACAGTTACGGTCACTGCTGCAACCCTCCTG,-0.000376292934462,GGAGTGTCGGCTCTCCTGCTAGCAGCCGGATGCTGGGGACAAGTCACCCTCTTACAGTTACGGTCACTGCTGCAACCCTCCTGTTTGCCACTATGCCTACATGGTTCCCGGTTGGCAAGCTGAGGCAATGCGC
45,CTGACTGTGACTGTAACTGCTGCTACCCTTCTC,0.0032160327370744,GGAGTGTCGGCTCTCCTGCTAGCAGCCGGATGCTGGGGACAAGTCACCCTCTGACTGTGACTGTAACTGCTGCTACCCTTCTCTTTGCCACTATGCCTACATGGTTCCCGGTTGGCAAGCTGAGGCAATGCGC
46,CTAACTGTTACGGTAACCGCTGCTACTCTGCTC,-0.0010869704005319,GGAGTGTCGGCTCTCCTGCTAGCAGCCGGATGCTGGGGACAAGTCACCCTCTAACTGTTACGGTAACCGCTGCTACTCTGCTCTTTGCCACTATGCCTACATGGTTCCCGGTTGGCAAGCTGAGGCAATGCGC
47,CTAACTGTAACCGTCACTGCAGCAACTCTGCTC,-0.0007283868057314,GGAGTGTCGGCTCTCCTGCTAGCAGCCGGATGCTGGGGACAAGTCACCCTCTAACTGTAACCGTCACTGCAGCAACTCTGCTCTTTGCCACTATGCCTACATGGTTCCCGGTTGGCAAGCTGAGGCAATGCGC
48,CTCACAGTTACCGTCACTGCAGCCACTCTACTT,-0.0009973245018318,GGAGTGTCGGCTCTCCTGCTAGCAGCCGGATGCTGGGGACAAGTCACCCTCTCACAGTTACCGTCACTGCAGCCACTCTACTTTTTGCCACTATGCCTACATGGTTCCCGGTTGGCAAGCTGAGGCAATGCGC
49,CTGACAGTTACCGTCACTGCAGCCACTCTACTT,-0.0009076786031316,GGAGTGTCGGCTCTCCTGCTAGCAGCCGGATGCTGGGGACAAGTCACCCTCTGACAGTTACCGTCACTGCAGCCACTCTACTTTTTGCCACTATGCCTACATGGTTCCCGGTTGGCAAGCTGAGGCAATGCGC
50,CTCACTGTTACCGTCACTGCAGCAACCCTACTT,-0.0010869704005319,GGAGTGTCGGCTCTCCTGCTAGCAGCCGGATGCTGGGGACAAGTCACCCTCTCACTGTTACCGTCACTGCAGCAACCCTACTTTTTGCCACTATGCCTACATGGTTCCCGGTTGGCAAGCTGAGGCAATGCGC
51,CTGACGGTAACAGTGACTGCAGCAACCCTACTT,-0.0010250432268881,GGAGTGTCGGCTCTCCTGCTAGCAGCCGGATGCTGGGGACAAGTCACCCTCTGACGGTAACAGTGACTGCAGCAACCCTACTTTTTGCCACTATGCCTACATGGTTCCCGGTTGGCAAGCTGAGGCAATGCGC
52,CTGACAGTTACCGTTACTGCAGCCACGCTTCTG,5.0707557513440023e-05,GGAGTGTCGGCTCTCCTGCTAGCAGCCGGATGCTGGGGACAAGTCACCCTCTGACAGTTACCGTTACTGCAGCCACGCTTCTGTTTGCCACTATGCCTACATGGTTCCCGGTTGGCAAGCTGAGGCAATGCGC
53,CTCACAGTTACTGTCACTGCAGCCACTCTACTT,-0.0009631160532443,GGAGTGTCGGCTCTCCTGCTAGCAGCCGGATGCTGGGGACAAGTCACCCTCTCACAGTTACTGTCACTGCAGCCACTCTACTTTTTGCCACTATGCCTACATGGTTCCCGGTTGGCAAGCTGAGGCAATGCGC
54,CTTACCGTCACCGTAACCGCAGCCACTCTACTT,0.001519250385303,GGAGTGTCGGCTCTCCTGCTAGCAGCCGGATGCTGGGGACAAGTCACCCTCTTACCGTCACCGTAACCGCAGCCACTCTACTTTTTGCCACTATGCCTACATGGTTCCCGGTTGGCAAGCTGAGGCAATGCGC
55,CTCACCGTTACCGTCACTGCAGCCACTCTACTT,-0.0007218970822003,GGAGTGTCGGCTCTCCTGCTAGCAGCCGGATGCTGGGGACAAGTCACCCTCTCACCGTTACCGTCACTGCAGCCACTCTACTTTTTGCCACTATGCCTACATGGTTCCCGGTTGGCAAGCTGAGGCAATGCGC
56,CTGACAGTTACCGTTACAGCAGCCACCCTACTT,-0.0009011888796005,GGAGTGTCGGCTCTCCTGCTAGCAGCCGGATGCTGGGGACAAGTCACCCTCTGACAGTTACCGTTACAGCAGCCACCCTACTTTTTGCCACTATGCCTACATGGTTCCCGGTTGGCAAGCTGAGGCAATGCGC
57,CTCACCGTTACCGTCACTGCAGCAACTCTACTT,-0.0009011888796005,GGAGTGTCGGCTCTCCTGCTAGCAGCCGGATGCTGGGGACAAGTCACCCTCTCACCGTTACCGTCACTGCAGCAACTCTACTTTTTGCCACTATGCCTACATGGTTCCCGGTTGGCAAGCTGAGGCAATGCGC
58,CTGACGGTCACAGTTACTGCTGCTACCCTGCTC,-0.0003910322124561,GGAGTGTCGGCTCTCCTGCTAGCAGCCGGATGCTGGGGACAAGTCACCCTCTGACGGTCACAGTTACTGCTGCTACCCTGCTCTTTGCCACTATGCCTACATGGTTCCCGGTTGGCAAGCTGAGGCAATGCGC
59,CTGACAGTTACCGTTACAGCAGCCACCCTTCTG,-0.0008392617059567,GGAGTGTCGGCTCTCCTGCTAGCAGCCGGATGCTGGGGACAAGTCACCCTCTGACAGTTACCGTTACAGCAGCCACCCTTCTGTTTGCCACTATGCCTACATGGTTCCCGGTTGGCAAGCTGAGGCAATGCGC
60,CTCACGGTGACGGTCACCGCCGCAACACTCCTC,0.0142831764493095,GGAGTGTCGGCTCTCCTGCTAGCAGCCGGATGCTGGGGACAAGTCACCCTCTCACGGTGACGGTCACCGCCGCAACACTCCTCTTTGCCACTATGCCTACATGGTTCCCGGTTGGCAAGCTGAGGCAATGCGC
61,CTCACAGTGACCGTCACAGCCGCCACTCTCCTA,0.0735391154900984,GGAGTGTCGGCTCTCCTGCTAGCAGCCGGATGCTGGGGACAAGTCACCCTCTCACAGTGACCGTCACAGCCGCCACTCTCCTATTTGCCACTATGCCTACATGGTTCCCGGTTGGCAAGCTGAGGCAATGCGC
62,CTGACTGTTACTGTCACTGCTGCCACTCTACTT,-0.0007773345323129,GGAGTGTCGGCTCTCCTGCTAGCAGCCGGATGCTGGGGACAAGTCACCCTCTGACTGTTACTGTCACTGCTGCCACTCTACTTTTTGCCACTATGCCTACATGGTTCCCGGTTGGCAAGCTGAGGCAATGCGC
63,CTGACAGTAACAGTGACAGCAGCAACCCTACTT,0.0003880621507887,GGAGTGTCGGCTCTCCTGCTAGCAGCCGGATGCTGGGGACAAGTCACCCTCTGACAGTAACAGTGACAGCAGCAACCCTACTTTTTGCCACTATGCCTACATGGTTCCCGGTTGGCAAGCTGAGGCAATGCGC
64,CTTACGGTTACTGTAACCGCCGCGACCCTCCTA,0.0035256686052934,GGAGTGTCGGCTCTCCTGCTAGCAGCCGGATGCTGGGGACAAGTCACCCTCTTACGGTTACTGTAACCGCCGCGACCCTCCTATTTGCCACTATGCCTACATGGTTCCCGGTTGGCAAGCTGAGGCAATGCGC
65,CTGACAGTTACTGTCACTGCAGCCACGCTTCTT,-0.0007154073586691,GGAGTGTCGGCTCTCCTGCTAGCAGCCGGATGCTGGGGACAAGTCACCCTCTGACAGTTACTGTCACTGCAGCCACGCTTCTTTTTGCCACTATGCCTACATGGTTCCCGGTTGGCAAGCTGAGGCAATGCGC
66,CTTACCGTTACTGTCACTGCAGCCACCCTACTT,-0.0005638342863252,GGAGTGTCGGCTCTCCTGCTAGCAGCCGGATGCTGGGGACAAGTCACCCTCTTACCGTTACTGTCACTGCAGCCACCCTACTTTTTGCCACTATGCCTACATGGTTCCCGGTTGGCAAGCTGAGGCAATGCGC
67,CTGACCGTTACTGTAACTGCCGCTACTCTCCTT,-0.0006534801850254,GGAGTGTCGGCTCTCCTGCTAGCAGCCGGATGCTGGGGACAAGTCACCCTCTGACCGTTACTGTAACTGCCGCTACTCTCCTTTTTGCCACTATGCCTACATGGTTCCCGGTTGGCAAGCTGAGGCAATGCGC
68,CTGACCGTCACTGTAACTGCAGCTACTCTCCTT,-0.0006534801850254,GGAGTGTCGGCTCTCCTGCTAGCAGCCGGATGCTGGGGACAAGTCACCCTCTGACCGTCACTGTAACTGCAGCTACTCTCCTTTTTGCCACTATGCCTACATGGTTCCCGGTTGGCAAGCTGAGGCAATGCGC
69,CTGACCGTTACCGTTACTGCAGCAACCCTACTT,-0.0006534801850254,GGAGTGTCGGCTCTCCTGCTAGCAGCCGGATGCTGGGGACAAGTCACCCTCTGACCGTTACCGTTACTGCAGCAACCCTACTTTTTGCCACTATGCCTACATGGTTCCCGGTTGGCAAGCTGAGGCAATGCGC
70,CTGACTGTTACCGTGACTGCTGCCACTCTACTT,-0.0005915530113816,GGAGTGTCGGCTCTCCTGCTAGCAGCCGGATGCTGGGGACAAGTCACCCTCTGACTGTTACCGTGACTGCTGCCACTCTACTTTTTGCCACTATGCCTACATGGTTCCCGGTTGGCAAGCTGAGGCAATGCGC
71,CTAACTGTGACTGTAACTGCAGCCACGCTCCTT,-0.0005019071126814,GGAGTGTCGGCTCTCCTGCTAGCAGCCGGATGCTGGGGACAAGTCACCCTCTAACTGTGACTGTAACTGCAGCCACGCTCCTTTTTGCCACTATGCCTACATGGTTCCCGGTTGGCAAGCTGAGGCAATGCGC
72,CTGACTGTTACCGTGACTGCAGCCACTCTACTT,-0.0005296258377378,GGAGTGTCGGCTCTCCTGCTAGCAGCCGGATGCTGGGGACAAGTCACCCTCTGACTGTTACCGTGACTGCAGCCACTCTACTTTTTGCCACTATGCCTACATGGTTCCCGGTTGGCAAGCTGAGGCAATGCGC
73,CTGACAGTTACCGTTACAGCAGCAACCCTACTT,-0.0003503340403375,GGAGTGTCGGCTCTCCTGCTAGCAGCCGGATGCTGGGGACAAGTCACCCTCTGACAGTTACCGTTACAGCAGCAACCCTACTTTTTGCCACTATGCCTACATGGTTCCCGGTTGGCAAGCTGAGGCAATGCGC
74,CTGACCGTTACCGTCACTGCAGCAACTCTACTT,-0.0005296258377378,GGAGTGTCGGCTCTCCTGCTAGCAGCCGGATGCTGGGGACAAGTCACCCTCTGACCGTTACCGTCACTGCAGCAACTCTACTTTTTGCCACTATGCCTACATGGTTCCCGGTTGGCAAGCTGAGGCAATGCGC
75,CTCACCGTAACTGTCACTGCAGCAACCCTACTT,-0.0005296258377378,GGAGTGTCGGCTCTCCTGCTAGCAGCCGGATGCTGGGGACAAGTCACCCTCTCACCGTAACTGTCACTGCAGCAACCCTACTTTTTGCCACTATGCCTACATGGTTCCCGGTTGGCAAGCTGAGGCAATGCGC
76,CTGACTGTGACCGTGACTGCTGCCACTCTACTT,0.0002771872505633,GGAGTGTCGGCTCTCCTGCTAGCAGCCGGATGCTGGGGACAAGTCACCCTCTGACTGTGACCGTGACTGCTGCCACTCTACTTTTTGCCACTATGCCTACATGGTTCCCGGTTGGCAAGCTGAGGCAATGCGC
77,CTTACAGTTACCGTCACTGCAGCCACCCTACTT,-0.0004399799390376,GGAGTGTCGGCTCTCCTGCTAGCAGCCGGATGCTGGGGACAAGTCACCCTCTTACAGTTACCGTCACTGCAGCCACCCTACTTTTTGCCACTATGCCTACATGGTTCCCGGTTGGCAAGCTGAGGCAATGCGC
78,CTGACTGTTACCGTTACTGCAGCCACTCTACTT,-0.0003780527653938,GGAGTGTCGGCTCTCCTGCTAGCAGCCGGATGCTGGGGACAAGTCACCCTCTGACTGTTACCGTTACTGCAGCCACTCTACTTTTTGCCACTATGCCTACATGGTTCCCGGTTGGCAAGCTGAGGCAATGCGC
79,CTTACCGTAACGGTAACTGCAGCCACGCTGCTT,-4.718789564968676e-05,GGAGTGTCGGCTCTCCTGCTAGCAGCCGGATGCTGGGGACAAGTCACCCTCTTACCGTAACGGTAACTGCAGCCACGCTGCTTTTTGCCACTATGCCTACATGGTTCCCGGTTGGCAAGCTGAGGCAATGCGC
80,CTGACAGTTACCGTCACTGCAGCCACGCTTCTT,0.0004906874965511,GGAGTGTCGGCTCTCCTGCTAGCAGCCGGATGCTGGGGACAAGTCACCCTCTGACAGTTACCGTCACTGCAGCCACGCTTCTTTTTGCCACTATGCCTACATGGTTCCCGGTTGGCAAGCTGAGGCAATGCGC
81,CTGACCGTTACTGTCACAGCAGCAACCCTACTT,-0.0002264796930499,GGAGTGTCGGCTCTCCTGCTAGCAGCCGGATGCTGGGGACAAGTCACCCTCTGACCGTTACTGTCACAGCAGCAACCCTACTTTTTGCCACTATGCCTACATGGTTCCCGGTTGGCAAGCTGAGGCAATGCGC
82,CTGACCGTTACAGTCACTGCAGCAACCCTACTT,-0.0004057714904502,GGAGTGTCGGCTCTCCTGCTAGCAGCCGGATGCTGGGGACAAGTCACCCTCTGACCGTTACAGTCACTGCAGCAACCCTACTTTTTGCCACTATGCCTACATGGTTCCCGGTTGGCAAGCTGAGGCAATGCGC
83,CTTACAGTTACCGTCACTGCAGCAACCCTACTT,-0.00031612559174999997,GGAGTGTCGGCTCTCCTGCTAGCAGCCGGATGCTGGGGACAAGTCACCCTCTTACAGTTACCGTCACTGCAGCAACCCTACTTTTTGCCACTATGCCTACATGGTTCCCGGTTGGCAAGCTGAGGCAATGCGC
84,CTTACCGTCACCGTAACTGCAGCCACTCTACTT,-0.0001368337943498,GGAGTGTCGGCTCTCCTGCTAGCAGCCGGATGCTGGGGACAAGTCACCCTCTTACCGTCACCGTAACTGCAGCCACTCTACTTTTTGCCACTATGCCTACATGGTTCCCGGTTGGCAAGCTGAGGCAATGCGC
85,CTGACCGTCACTGTAACTGCAGCTACTCTACTT,-0.0004057714904502,GGAGTGTCGGCTCTCCTGCTAGCAGCCGGATGCTGGGGACAAGTCACCCTCTGACCGTCACTGTAACTGCAGCTACTCTACTTTTTGCCACTATGCCTACATGGTTCCCGGTTGGCAAGCTGAGGCAATGCGC
86,CTGACTGTTACCGTCACTGCAGCCACTCTTCTT,-0.0004057714904502,GGAGTGTCGGCTCTCCTGCTAGCAGCCGGATGCTGGGGACAAGTCACCCTCTGACTGTTACCGTCACTGCAGCCACTCTTCTTTTTGCCACTATGCCTACATGGTTCCCGGTTGGCAAGCTGAGGCAATGCGC
87,CTTACTGTAACCGTCACCGCAGCGACCCTACTT,-0.0004057714904502,GGAGTGTCGGCTCTCCTGCTAGCAGCCGGATGCTGGGGACAAGTCACCCTCTTACTGTAACCGTCACCGCAGCGACCCTACTTTTTGCCACTATGCCTACATGGTTCCCGGTTGGCAAGCTGAGGCAATGCGC
88,CTGACCGTTACCGTCACTGCAGCCACTCTACTT,-0.0001645525194061,GGAGTGTCGGCTCTCCTGCTAGCAGCCGGATGCTGGGGACAAGTCACCCTCTGACCGTTACCGTCACTGCAGCCACTCTACTTTTTGCCACTATGCCTACATGGTTCCCGGTTGGCAAGCTGAGGCAATGCGC
89,CTTACCGTTACCGTAACCGCAGCCACTCTACTC,0.0008215523662953,GGAGTGTCGGCTCTCCTGCTAGCAGCCGGATGCTGGGGACAAGTCACCCTCTTACCGTTACCGTAACCGCAGCCACTCTACTCTTTGCCACTATGCCTACATGGTTCCCGGTTGGCAAGCTGAGGCAATGCGC
90,CTTACCGTTACTGTCACTGCAGCCACTCTACTT,-0.0003438443168064,GGAGTGTCGGCTCTCCTGCTAGCAGCCGGATGCTGGGGACAAGTCACCCTCTTACCGTTACTGTCACTGCAGCCACTCTACTTTTTGCCACTATGCCTACATGGTTCCCGGTTGGCAAGCTGAGGCAATGCGC
91,CTCACTGTTACTGTCACTGCAGCAACTCTACTT,-0.0002541984181062,GGAGTGTCGGCTCTCCTGCTAGCAGCCGGATGCTGGGGACAAGTCACCCTCTCACTGTTACTGTCACTGCAGCAACTCTACTTTTTGCCACTATGCCTACATGGTTCCCGGTTGGCAAGCTGAGGCAATGCGC
92,CTGACGGTTACAGTGACAGCAGCAACCCTACTT,-0.0001645525194061,GGAGTGTCGGCTCTCCTGCTAGCAGCCGGATGCTGGGGACAAGTCACCCTCTGACGGTTACAGTGACAGCAGCAACCCTACTTTTTGCCACTATGCCTACATGGTTCCCGGTTGGCAAGCTGAGGCAATGCGC
93,CTCACAGTTACCGTCACCGCAGCAACCCTACTT,-0.0003438443168064,GGAGTGTCGGCTCTCCTGCTAGCAGCCGGATGCTGGGGACAAGTCACCCTCTCACAGTTACCGTCACCGCAGCAACCCTACTTTTTGCCACTATGCCTACATGGTTCCCGGTTGGCAAGCTGAGGCAATGCGC
94,CTCACTGTAACAGTTACTGCAGCTACTCTACTT,-0.0003438443168064,GGAGTGTCGGCTCTCCTGCTAGCAGCCGGATGCTGGGGACAAGTCACCCTCTCACTGTAACAGTTACTGCAGCTACTCTACTTTTTGCCACTATGCCTACATGGTTCCCGGTTGGCAAGCTGAGGCAATGCGC
95,CTTACTGTTACCGTCACTGCAGCAACCCTACTT,-0.0003438443168064,GGAGTGTCGGCTCTCCTGCTAGCAGCCGGATGCTGGGGACAAGTCACCCTCTTACTGTTACCGTCACTGCAGCAACCCTACTTTTTGCCACTATGCCTACATGGTTCCCGGTTGGCAAGCTGAGGCAATGCGC
96,CTCACAGTTACCGTCACTGCAGCAACTCTACTT,-0.0003438443168064,GGAGTGTCGGCTCTCCTGCTAGCAGCCGGATGCTGGGGACAAGTCACCCTCTCACAGTTACCGTCACTGCAGCAACTCTACTTTTTGCCACTATGCCTACATGGTTCCCGGTTGGCAAGCTGAGGCAATGCGC
97,CTGACTGTTACCGTCACTGCTGCCACTCTACTT,1.4739277994108087e-05,GGAGTGTCGGCTCTCCTGCTAGCAGCCGGATGCTGGGGACAAGTCACCCTCTGACTGTTACCGTCACTGCTGCCACTCTACTTTTTGCCACTATGCCTACATGGTTCCCGGTTGGCAAGCTGAGGCAATGCGC
98,CTGACAGTTACCGTTACAGCAGCCACTCTACTT,-0.0001645525194061,GGAGTGTCGGCTCTCCTGCTAGCAGCCGGATGCTGGGGACAAGTCACCCTCTGACAGTTACCGTTACAGCAGCCACTCTACTTTTTGCCACTATGCCTACATGGTTCCCGGTTGGCAAGCTGAGGCAATGCGC
99,CTGACCGTTACCGTCACAGCAGCAACCCTACTT,-0.0003438443168064,GGAGTGTCGGCTCTCCTGCTAGCAGCCGGATGCTGGGGACAAGTCACCCTCTGACCGTTACCGTCACAGCAGCAACCCTACTTTTTGCCACTATGCCTACATGGTTCCCGGTTGGCAAGCTGAGGCAATGCGC
100,CTGACAGTTACTGTCACTGCAGCCACTCTACTT,-0.0003438443168064,GGAGTGTCGGCTCTCCTGCTAGCAGCCGGATGCTGGGGACAAGTCACCCTCTGACAGTTACTGTCACTGCAGCCACTCTACTTTTTGCCACTATGCCTACATGGTTCCCGGTTGGCAAGCTGAGGCAATGCGC
101,CTGACAGTTACCGTCACAGCAGCCACGCTTCTT,0.0012697818597959,GGAGTGTCGGCTCTCCTGCTAGCAGCCGGATGCTGGGGACAAGTCACCCTCTGACAGTTACCGTCACAGCAGCCACGCTTCTTTTTGCCACTATGCCTACATGGTTCCCGGTTGGCAAGCTGAGGCAATGCGC
102,CTGACAGTTACCGTCACTGCAGCCACGCTACTT,-0.0002819171431626,GGAGTGTCGGCTCTCCTGCTAGCAGCCGGATGCTGGGGACAAGTCACCCTCTGACAGTTACCGTCACTGCAGCCACGCTACTTTTTGCCACTATGCCTACATGGTTCCCGGTTGGCAAGCTGAGGCAATGCGC
103,CTGACTGTAACCGTCACTGCCGCTACACTTCTT,-0.0001922712444625,GGAGTGTCGGCTCTCCTGCTAGCAGCCGGATGCTGGGGACAAGTCACCCTCTGACTGTAACCGTCACTGCCGCTACACTTCTTTTTGCCACTATGCCTACATGGTTCCCGGTTGGCAAGCTGAGGCAATGCGC
104,CTGACTGTTACCGTGACTGCTGCCACTCTACTA,-0.0001026253457623,GGAGTGTCGGCTCTCCTGCTAGCAGCCGGATGCTGGGGACAAGTCACCCTCTGACTGTTACCGTGACTGCTGCCACTCTACTATTTGCCACTATGCCTACATGGTTCCCGGTTGGCAAGCTGAGGCAATGCGC
105,CTTACCGTTACTGTAACTGCCGCAACGCTGCTT,-1.2979447062231512e-05,GGAGTGTCGGCTCTCCTGCTAGCAGCCGGATGCTGGGGACAAGTCACCCTCTTACCGTTACTGTAACTGCCGCAACGCTGCTTTTTGCCACTATGCCTACATGGTTCCCGGTTGGCAAGCTGAGGCAATGCGC
106,CTTACCGTCACCGTAACTGCAGCCACTCTACTC,0.000166312350338,GGAGTGTCGGCTCTCCTGCTAGCAGCCGGATGCTGGGGACAAGTCACCCTCTTACCGTCACCGTAACTGCAGCCACTCTACTCTTTGCCACTATGCCTACATGGTTCCCGGTTGGCAAGCTGAGGCAATGCGC
107,CTGACAGTTACCGTTACAGCAGCCACGCTACTT,0.0008834795399391,GGAGTGTCGGCTCTCCTGCTAGCAGCCGGATGCTGGGGACAAGTCACCCTCTGACAGTTACCGTTACAGCAGCCACGCTACTTTTTGCCACTATGCCTACATGGTTCCCGGTTGGCAAGCTGAGGCAATGCGC
108,CTGACCGTAACCGTGACTGCAGCAACCCTACTT,-0.0002819171431626,GGAGTGTCGGCTCTCCTGCTAGCAGCCGGATGCTGGGGACAAGTCACCCTCTGACCGTAACCGTGACTGCAGCAACCCTACTTTTTGCCACTATGCCTACATGGTTCCCGGTTGGCAAGCTGAGGCAATGCGC
109,CTGACCGTAACAGTGACTGCAGCAACCCTACTT,-0.0002819171431626,GGAGTGTCGGCTCTCCTGCTAGCAGCCGGATGCTGGGGACAAGTCACCCTCTGACCGTAACAGTGACTGCAGCAACCCTACTTTTTGCCACTATGCCTACATGGTTCCCGGTTGGCAAGCTGAGGCAATGCGC
110,CTTACAGTAACCGTAACCGCGGCGACCCTACTT,0.0058140039684465,GGAGTGTCGGCTCTCCTGCTAGCAGCCGGATGCTGGGGACAAGTCACCCTCTTACAGTAACCGTAACCGCGGCGACCCTACTTTTTGCCACTATGCCTACATGGTTCCCGGTTGGCAAGCTGAGGCAATGCGC
111,CTTACCGTAACCGTAACTGCCGCCACGCTGCTT,0.0013039903083834,GGAGTGTCGGCTCTCCTGCTAGCAGCCGGATGCTGGGGACAAGTCACCCTCTTACCGTAACCGTAACTGCCGCCACGCTGCTTTTTGCCACTATGCCTACATGGTTCCCGGTTGGCAAGCTGAGGCAATGCGC
112,CTGACGGTAACCGTGACAGCAGCAACCCTACTT,0.0013936362070835,GGAGTGTCGGCTCTCCTGCTAGCAGCCGGATGCTGGGGACAAGTCACCCTCTGACGGTAACCGTGACAGCAGCAACCCTACTTTTTGCCACTATGCCTACATGGTTCCCGGTTGGCAAGCTGAGGCAATGCGC
113,CTTACCGTTACCGTCACTGCAGCCACCCTACTT,-0.0001303440708187,GGAGTGTCGGCTCTCCTGCTAGCAGCCGGATGCTGGGGACAAGTCACCCTCTTACCGTTACCGTCACTGCAGCCACCCTACTTTTTGCCACTATGCCTACATGGTTCCCGGTTGGCAAGCTGAGGCAATGCGC
114,CTGACTGTAACCGTCACTGCAGCAACCCTACTT,-0.0001303440708187,GGAGTGTCGGCTCTCCTGCTAGCAGCCGGATGCTGGGGACAAGTCACCCTCTGACTGTAACCGTCACTGCAGCAACCCTACTTTTTGCCACTATGCCTACATGGTTCCCGGTTGGCAAGCTGAGGCAATGCGC
115,CTGACAGTTACTGTCACTGCAGCCACTCTCCTT,-0.0002199899695188,GGAGTGTCGGCTCTCCTGCTAGCAGCCGGATGCTGGGGACAAGTCACCCTCTGACAGTTACTGTCACTGCAGCCACTCTCCTTTTTGCCACTATGCCTACATGGTTCCCGGTTGGCAAGCTGAGGCAATGCGC
116,CTGACCGTTACTGTGACAGCAGCAACCCTACTT,-0.0002199899695188,GGAGTGTCGGCTCTCCTGCTAGCAGCCGGATGCTGGGGACAAGTCACCCTCTGACCGTTACTGTGACAGCAGCAACCCTACTTTTTGCCACTATGCCTACATGGTTCCCGGTTGGCAAGCTGAGGCAATGCGC
117,CTTACCGTTACCGTCACTGCAGCAACCCTACTT,0.0001385936252816,GGAGTGTCGGCTCTCCTGCTAGCAGCCGGATGCTGGGGACAAGTCACCCTCTTACCGTTACCGTCACTGCAGCAACCCTACTTTTTGCCACTATGCCTACATGGTTCCCGGTTGGCAAGCTGAGGCAATGCGC
118,CTGACAGTTACCGTCACAGCAGCCACCCTACTT,-4.069817211857106e-05,GGAGTGTCGGCTCTCCTGCTAGCAGCCGGATGCTGGGGACAAGTCACCCTCTGACAGTTACCGTCACAGCAGCCACCCTACTTTTTGCCACTATGCCTACATGGTTCCCGGTTGGCAAGCTGAGGCAATGCGC
119,CTGACAGTTACCGTGACAGCAGCAACCCTACTT,-0.0002199899695188,GGAGTGTCGGCTCTCCTGCTAGCAGCCGGATGCTGGGGACAAGTCACCCTCTGACAGTTACCGTGACAGCAGCAACCCTACTTTTTGCCACTATGCCTACATGGTTCCCGGTTGGCAAGCTGAGGCAATGCGC
120,CTCACAGTTACCGTCACAGCAGCCACCCTACTT,-0.0001303440708187,GGAGTGTCGGCTCTCCTGCTAGCAGCCGGATGCTGGGGACAAGTCACCCTCTCACAGTTACCGTCACAGCAGCCACCCTACTTTTTGCCACTATGCCTACATGGTTCCCGGTTGGCAAGCTGAGGCAATGCGC
121,CTGACTGTTACCGTGACTGCAGCCACTCTACTA,-0.0002199899695188,GGAGTGTCGGCTCTCCTGCTAGCAGCCGGATGCTGGGGACAAGTCACCCTCTGACTGTTACCGTGACTGCAGCCACTCTACTATTTGCCACTATGCCTACATGGTTCCCGGTTGGCAAGCTGAGGCAATGCGC
122,CTTACAGTTACGGTCACTGCAGCCACGCTTCTT,0.0022623764690285,GGAGTGTCGGCTCTCCTGCTAGCAGCCGGATGCTGGGGACAAGTCACCCTCTTACAGTTACGGTCACTGCAGCCACGCTTCTTTTTGCCACTATGCCTACATGGTTCCCGGTTGGCAAGCTGAGGCAATGCGC
123,CTTACCGTTACGGTAACTGCCGCCACGCTGCTT,0.0004694584950258,GGAGTGTCGGCTCTCCTGCTAGCAGCCGGATGCTGGGGACAAGTCACCCTCTTACCGTTACGGTAACTGCCGCCACGCTGCTTTTTGCCACTATGCCTACATGGTTCCCGGTTGGCAAGCTGAGGCAATGCGC
124,CTGACAGTTACCGTTACAGCAGCCACTCTTCTG,0.0001108749002253,GGAGTGTCGGCTCTCCTGCTAGCAGCCGGATGCTGGGGACAAGTCACCCTCTGACAGTTACCGTTACAGCAGCCACTCTTCTGTTTGCCACTATGCCTACATGGTTCCCGGTTGGCAAGCTGAGGCAATGCGC
125,CTCACCGTTACCGTCACTGCAGCTACCCTTCTT,-0.00015806279587499998,GGAGTGTCGGCTCTCCTGCTAGCAGCCGGATGCTGGGGACAAGTCACCCTCTCACCGTTACCGTCACTGCAGCTACCCTTCTTTTTGCCACTATGCCTACATGGTTCCCGGTTGGCAAGCTGAGGCAATGCGC
126,CTGACAGTAACAGTGACTGCAGCAACCCTACTT,-0.00015806279587499998,GGAGTGTCGGCTCTCCTGCTAGCAGCCGGATGCTGGGGACAAGTCACCCTCTGACAGTAACAGTGACTGCAGCAACCCTACTTTTTGCCACTATGCCTACATGGTTCCCGGTTGGCAAGCTGAGGCAATGCGC
127,CTGACTGTAACCGTGACTGCAGCAACCCTACTT,-6.841689717491063e-05,GGAGTGTCGGCTCTCCTGCTAGCAGCCGGATGCTGGGGACAAGTCACCCTCTGACTGTAACCGTGACTGCAGCAACCCTACTTTTTGCCACTATGCCTACATGGTTCCCGGTTGGCAAGCTGAGGCAATGCGC
128,CTGACAGTTACCGTCACTGCAGCCACGCTTCTG,0.0001108749002253,GGAGTGTCGGCTCTCCTGCTAGCAGCCGGATGCTGGGGACAAGTCACCCTCTGACAGTTACCGTCACTGCAGCCACGCTTCTGTTTGCCACTATGCCTACATGGTTCCCGGTTGGCAAGCTGAGGCAATGCGC
129,CTCACAGTTACCGTCACAGCCGCCACTCTCCTT,-6.841689717491063e-05,GGAGTGTCGGCTCTCCTGCTAGCAGCCGGATGCTGGGGACAAGTCACCCTCTCACAGTTACCGTCACAGCCGCCACTCTCCTTTTTGCCACTATGCCTACATGGTTCCCGGTTGGCAAGCTGAGGCAATGCGC
130,CTAACTGTAACCGTCACTGCAGCAACTCTACTC,-0.00015806279587499998,GGAGTGTCGGCTCTCCTGCTAGCAGCCGGATGCTGGGGACAAGTCACCCTCTAACTGTAACCGTCACTGCAGCAACTCTACTCTTTGCCACTATGCCTACATGGTTCCCGGTTGGCAAGCTGAGGCAATGCGC
131,CTGACTGTAACCGTGACTGCTGCCACTCTACTT,-0.00015806279587499998,GGAGTGTCGGCTCTCCTGCTAGCAGCCGGATGCTGGGGACAAGTCACCCTCTGACTGTAACCGTGACTGCTGCCACTCTACTTTTTGCCACTATGCCTACATGGTTCCCGGTTGGCAAGCTGAGGCAATGCGC
132,CTTACAGTAACCGTAACCGCAGCGACCCTACTT,0.0001108749002253,GGAGTGTCGGCTCTCCTGCTAGCAGCCGGATGCTGGGGACAAGTCACCCTCTTACAGTAACCGTAACCGCAGCGACCCTACTTTTTGCCACTATGCCTACATGGTTCCCGGTTGGCAAGCTGAGGCAATGCGC
133,CTAACAGTCACGGTCACCGCAGCAACGCTTCTT,-6.841689717491063e-05,GGAGTGTCGGCTCTCCTGCTAGCAGCCGGATGCTGGGGACAAGTCACCCTCTAACAGTCACGGTCACCGCAGCAACGCTTCTTTTTGCCACTATGCCTACATGGTTCCCGGTTGGCAAGCTGAGGCAATGCGC
134,CTCACAGTTACCGTCACTGCAGCCACTCTCCTT,2.1229001525223845e-05,GGAGTGTCGGCTCTCCTGCTAGCAGCCGGATGCTGGGGACAAGTCACCCTCTCACAGTTACCGTCACTGCAGCCACTCTCCTTTTTGCCACTATGCCTACATGGTTCCCGGTTGGCAAGCTGAGGCAATGCGC
135,CTGACTGTAACCGTCACTGCAGCAACTCTACTT,-0.00015806279587499998,GGAGTGTCGGCTCTCCTGCTAGCAGCCGGATGCTGGGGACAAGTCACCCTCTGACTGTAACCGTCACTGCAGCAACTCTACTTTTTGCCACTATGCCTACATGGTTCCCGGTTGGCAAGCTGAGGCAATGCGC
136,CTGACAGTTACCGTTACTGCAGCCACGCTACTT,2.1229001525223845e-05,GGAGTGTCGGCTCTCCTGCTAGCAGCCGGATGCTGGGGACAAGTCACCCTCTGACAGTTACCGTTACTGCAGCCACGCTACTTTTTGCCACTATGCCTACATGGTTCCCGGTTGGCAAGCTGAGGCAATGCGC
137,CTGACTGTTACTGTCACGGCAGCCACTCTCCTT,2.1229001525223845e-05,GGAGTGTCGGCTCTCCTGCTAGCAGCCGGATGCTGGGGACAAGTCACCCTCTGACTGTTACTGTCACGGCAGCCACTCTCCTTTTTGCCACTATGCCTACATGGTTCCCGGTTGGCAAGCTGAGGCAATGCGC
138,CTTACCGTTACCGTAACCGCAGCCACTCTACTT,-6.841689717491063e-05,GGAGTGTCGGCTCTCCTGCTAGCAGCCGGATGCTGGGGACAAGTCACCCTCTTACCGTTACCGTAACCGCAGCCACTCTACTTTTTGCCACTATGCCTACATGGTTCCCGGTTGGCAAGCTGAGGCAATGCGC
139,CTTACCGTTACCGTCACTGCAGCCACTCTACTT,0.0002005207989254,GGAGTGTCGGCTCTCCTGCTAGCAGCCGGATGCTGGGGACAAGTCACCCTCTTACCGTTACCGTCACTGCAGCCACTCTACTTTTTGCCACTATGCCTACATGGTTCCCGGTTGGCAAGCTGAGGCAATGCGC
140,CTGACCGTAACAGTGACAGCAGCAACCCTACTT,0.0001108749002253,GGAGTGTCGGCTCTCCTGCTAGCAGCCGGATGCTGGGGACAAGTCACCCTCTGACCGTAACAGTGACAGCAGCAACCCTACTTTTTGCCACTATGCCTACATGGTTCCCGGTTGGCAAGCTGAGGCAATGCGC
141,CTGACCGTTACTGTCACTGCAGCCACTCTCCTT,-0.00015806279587499998,GGAGTGTCGGCTCTCCTGCTAGCAGCCGGATGCTGGGGACAAGTCACCCTCTGACCGTTACTGTCACTGCAGCCACTCTCCTTTTTGCCACTATGCCTACATGGTTCCCGGTTGGCAAGCTGAGGCAATGCGC
142,CTGACGGTAACAGTCACAGCAGCAACCCTACTT,0.0006210315673698,GGAGTGTCGGCTCTCCTGCTAGCAGCCGGATGCTGGGGACAAGTCACCCTCTGACGGTAACAGTCACAGCAGCAACCCTACTTTTTGCCACTATGCCTACATGGTTCCCGGTTGGCAAGCTGAGGCAATGCGC
143,CTGACCGTCACCGTAACTGCAGCCACTCTACTT,8.315617516901872e-05,GGAGTGTCGGCTCTCCTGCTAGCAGCCGGATGCTGGGGACAAGTCACCCTCTGACCGTCACCGTAACTGCAGCCACTCTACTTTTTGCCACTATGCCTACATGGTTCCCGGTTGGCAAGCTGAGGCAATGCGC
144,CTGACAGTTACAGTCACTGCCGCGACTCTTCTT,-9.613562223125022e-05,GGAGTGTCGGCTCTCCTGCTAGCAGCCGGATGCTGGGGACAAGTCACCCTCTGACAGTTACAGTCACTGCCGCGACTCTTCTTTTTGCCACTATGCCTACATGGTTCCCGGTTGGCAAGCTGAGGCAATGCGC
145,CTCACCGTTACTGTCACTGCCGCAACCCTACTT,8.315617516901872e-05,GGAGTGTCGGCTCTCCTGCTAGCAGCCGGATGCTGGGGACAAGTCACCCTCTCACCGTTACTGTCACTGCCGCAACCCTACTTTTTGCCACTATGCCTACATGGTTCCCGGTTGGCAAGCTGAGGCAATGCGC
146,CTGACTGTAACCGTCACTGCAGCCACTCTACTT,-9.613562223125022e-05,GGAGTGTCGGCTCTCCTGCTAGCAGCCGGATGCTGGGGACAAGTCACCCTCTGACTGTAACCGTCACTGCAGCCACTCTACTTTTTGCCACTATGCCTACATGGTTCCCGGTTGGCAAGCTGAGGCAATGCGC
147,CTCACAGTTACCGTCACTGCCGCCACTCTACTT,-9.613562223125022e-05,GGAGTGTCGGCTCTCCTGCTAGCAGCCGGATGCTGGGGACAAGTCACCCTCTCACAGTTACCGTCACTGCCGCCACTCTACTTTTTGCCACTATGCCTACATGGTTCCCGGTTGGCAAGCTGAGGCAATGCGC
148,CTTACAGTTACCGTCACTGCAGCCACGCTTCTC,0.0021450118452721,GGAGTGTCGGCTCTCCTGCTAGCAGCCGGATGCTGGGGACAAGTCACCCTCTTACAGTTACCGTCACTGCAGCCACGCTTCTCTTTGCCACTATGCCTACATGGTTCCCGGTTGGCAAGCTGAGGCAATGCGC
149,CTTACCGTCACCGTCACCGCAGCCACTCTACTT,-9.613562223125022e-05,GGAGTGTCGGCTCTCCTGCTAGCAGCCGGATGCTGGGGACAAGTCACCCTCTTACCGTCACCGTCACCGCAGCCACTCTACTTTTTGCCACTATGCCTACATGGTTCCCGGTTGGCAAGCTGAGGCAATGCGC
150,CTTACTGTTACCGTTACTGCAGCAACCCTACTT,-9.613562223125022e-05,GGAGTGTCGGCTCTCCTGCTAGCAGCCGGATGCTGGGGACAAGTCACCCTCTTACTGTTACCGTTACTGCAGCAACCCTACTTTTTGCCACTATGCCTACATGGTTCCCGGTTGGCAAGCTGAGGCAATGCGC
151,CTCACAGTTACCGTCACAGCAGCCACTCTCCTA,-6.489723531115756e-06,GGAGTGTCGGCTCTCCTGCTAGCAGCCGGATGCTGGGGACAAGTCACCCTCTCACAGTTACCGTCACAGCAGCCACTCTCCTATTTGCCACTATGCCTACATGGTTCCCGGTTGGCAAGCTGAGGCAATGCGC
152,CTGACTGTTACCGTCACTGCTGCCACTCTTCTT,-9.613562223125022e-05,GGAGTGTCGGCTCTCCTGCTAGCAGCCGGATGCTGGGGACAAGTCACCCTCTGACTGTTACCGTCACTGCTGCCACTCTTCTTTTTGCCACTATGCCTACATGGTTCCCGGTTGGCAAGCTGAGGCAATGCGC
153,CTGACAGTTACCGTTACTGCAGCAACTCTTCTT,-9.613562223125022e-05,GGAGTGTCGGCTCTCCTGCTAGCAGCCGGATGCTGGGGACAAGTCACCCTCTGACAGTTACCGTTACTGCAGCAACTCTTCTTTTTGCCACTATGCCTACATGGTTCCCGGTTGGCAAGCTGAGGCAATGCGC
154,CTGACAGTAACCGTGACAGCAGCAACCCTACTT,0.0003520938712694,GGAGTGTCGGCTCTCCTGCTAGCAGCCGGATGCTGGGGACAAGTCACCCTCTGACAGTAACCGTGACAGCAGCAACCCTACTTTTTGCCACTATGCCTACATGGTTCCCGGTTGGCAAGCTGAGGCAATGCGC
155,CTGACAGTTACCGTTACAGCAGCCACGCTACTG,0.0004417397699695,GGAGTGTCGGCTCTCCTGCTAGCAGCCGGATGCTGGGGACAAGTCACCCTCTGACAGTTACCGTTACAGCAGCCACGCTACTGTTTGCCACTATGCCTACATGGTTCCCGGTTGGCAAGCTGAGGCAATGCGC
156,CTCACAGTTACCGTCACTGCAGCCACTCTACTG,-9.613562223125022e-05,GGAGTGTCGGCTCTCCTGCTAGCAGCCGGATGCTGGGGACAAGTCACCCTCTCACAGTTACCGTCACTGCAGCCACTCTACTGTTTGCCACTATGCCTACATGGTTCCCGGTTGGCAAGCTGAGGCAATGCGC
157,CTTACTGTCACCGTTACTGCAGCAACACTACTT,-6.489723531115756e-06,GGAGTGTCGGCTCTCCTGCTAGCAGCCGGATGCTGGGGACAAGTCACCCTCTTACTGTCACCGTTACTGCAGCAACACTACTTTTTGCCACTATGCCTACATGGTTCCCGGTTGGCAAGCTGAGGCAATGCGC
158,CTCACAGTTACCGTCACAGCAGCAACCCTACTT,8.315617516901872e-05,GGAGTGTCGGCTCTCCTGCTAGCAGCCGGATGCTGGGGACAAGTCACCCTCTCACAGTTACCGTCACAGCAGCAACCCTACTTTTTGCCACTATGCCTACATGGTTCCCGGTTGGCAAGCTGAGGCAATGCGC
159,CTCACAGTTACCGTCACAGCCGCCACTCTCCTA,0.0010692610608704,GGAGTGTCGGCTCTCCTGCTAGCAGCCGGATGCTGGGGACAAGTCACCCTCTCACAGTTACCGTCACAGCCGCCACTCTCCTATTTGCCACTATGCCTACATGGTTCCCGGTTGGCAAGCTGAGGCAATGCGC
160,CTGACTGTTACTGTCACAGCAGCCACTCTCCTT,8.315617516901872e-05,GGAGTGTCGGCTCTCCTGCTAGCAGCCGGATGCTGGGGACAAGTCACCCTCTGACTGTTACTGTCACAGCAGCCACTCTCCTTTTTGCCACTATGCCTACATGGTTCCCGGTTGGCAAGCTGAGGCAATGCGC
161,CTGACAGTTACCGTCACAGCAGCAACCCTTCTT,-9.613562223125022e-05,GGAGTGTCGGCTCTCCTGCTAGCAGCCGGATGCTGGGGACAAGTCACCCTCTGACAGTTACCGTCACAGCAGCAACCCTTCTTTTTGCCACTATGCCTACATGGTTCCCGGTTGGCAAGCTGAGGCAATGCGC
162,CTGACAGTCACCGTGACTGCCGCGACTCTTCTT,-9.613562223125022e-05,GGAGTGTCGGCTCTCCTGCTAGCAGCCGGATGCTGGGGACAAGTCACCCTCTGACAGTCACCGTGACTGCCGCGACTCTTCTTTTTGCCACTATGCCTACATGGTTCCCGGTTGGCAAGCTGAGGCAATGCGC
163,CTCACCGTTACTGTCACTGCCGCAACTCTACTT,-6.489723531115756e-06,GGAGTGTCGGCTCTCCTGCTAGCAGCCGGATGCTGGGGACAAGTCACCCTCTCACCGTTACTGTCACTGCCGCAACTCTACTTTTTGCCACTATGCCTACATGGTTCCCGGTTGGCAAGCTGAGGCAATGCGC
164,CTGACAGTTACAGTCACTGCAGCCACTCTACTT,-9.613562223125022e-05,GGAGTGTCGGCTCTCCTGCTAGCAGCCGGATGCTGGGGACAAGTCACCCTCTGACAGTTACAGTCACTGCAGCCACTCTACTTTTTGCCACTATGCCTACATGGTTCCCGGTTGGCAAGCTGAGGCAATGCGC
165,CTTACTGTCACCGTTACCGCAGCAACCCTACTT,0.0002624479725692,GGAGTGTCGGCTCTCCTGCTAGCAGCCGGATGCTGGGGACAAGTCACCCTCTTACTGTCACCGTTACCGCAGCAACCCTACTTTTTGCCACTATGCCTACATGGTTCCCGGTTGGCAAGCTGAGGCAATGCGC
166,CTTACCGTTACCGTAACGGCGGCGACACTCCTA,0.0009796151621703,GGAGTGTCGGCTCTCCTGCTAGCAGCCGGATGCTGGGGACAAGTCACCCTCTTACCGTTACCGTAACGGCGGCGACACTCCTATTTGCCACTATGCCTACATGGTTCCCGGTTGGCAAGCTGAGGCAATGCGC
167,CTCACCGTTACCGTCACGGCTGCTACCCTTCTT,0.0002624479725692,GGAGTGTCGGCTCTCCTGCTAGCAGCCGGATGCTGGGGACAAGTCACCCTCTCACCGTTACCGTCACGGCTGCTACCCTTCTTTTTGCCACTATGCCTACATGGTTCCCGGTTGGCAAGCTGAGGCAATGCGC
168,CTGACAGTCACAGTGACTGCCGCCACTCTTCTT,0.0006829587410136,GGAGTGTCGGCTCTCCTGCTAGCAGCCGGATGCTGGGGACAAGTCACCCTCTGACAGTCACAGTGACTGCCGCCACTCTTCTTTTTGCCACTATGCCTACATGGTTCCCGGTTGGCAAGCTGAGGCAATGCGC
169,CTAACAGTCACGGTCACTGCCGCAACGCTTCTT,0.0002347292475129,GGAGTGTCGGCTCTCCTGCTAGCAGCCGGATGCTGGGGACAAGTCACCCTCTAACAGTCACGGTCACTGCCGCAACGCTTCTTTTTGCCACTATGCCTACATGGTTCCCGGTTGGCAAGCTGAGGCAATGCGC
170,CTGACAGTTACTGTGACTGCCGCGACTCTTCTT,-3.4208448587455324e-05,GGAGTGTCGGCTCTCCTGCTAGCAGCCGGATGCTGGGGACAAGTCACCCTCTGACAGTTACTGTGACTGCCGCGACTCTTCTTTTTGCCACTATGCCTACATGGTTCCCGGTTGGCAAGCTGAGGCAATGCGC
171,CTGACTGTTACCGTGACTGCAGCAACCCTACTT,-3.4208448587455324e-05,GGAGTGTCGGCTCTCCTGCTAGCAGCCGGATGCTGGGGACAAGTCACCCTCTGACTGTTACCGTGACTGCAGCAACCCTACTTTTTGCCACTATGCCTACATGGTTCCCGGTTGGCAAGCTGAGGCAATGCGC
172,CTGACTGTGACTGTAACTGCTGCTACCCTTCTT,5.543745011267915e-05,GGAGTGTCGGCTCTCCTGCTAGCAGCCGGATGCTGGGGACAAGTCACCCTCTGACTGTGACTGTAACTGCTGCTACCCTTCTTTTTGCCACTATGCCTACATGGTTCCCGGTTGGCAAGCTGAGGCAATGCGC
173,CTGACAGTTACCGTCACTGCAGCCACTCTTCTC,5.543745011267915e-05,GGAGTGTCGGCTCTCCTGCTAGCAGCCGGATGCTGGGGACAAGTCACCCTCTGACAGTTACCGTCACTGCAGCCACTCTTCTCTTTGCCACTATGCCTACATGGTTCCCGGTTGGCAAGCTGAGGCAATGCGC
174,CTGACAGTTACGGTCACTGCAGCCACGCTTCTT,0.000324375146213,GGAGTGTCGGCTCTCCTGCTAGCAGCCGGATGCTGGGGACAAGTCACCCTCTGACAGTTACGGTCACTGCAGCCACGCTTCTTTTTGCCACTATGCCTACATGGTTCCCGGTTGGCAAGCTGAGGCAATGCGC
175,CTCACCGTTACTGTCACTGCAGCCACGCTACTT,-3.4208448587455324e-05,GGAGTGTCGGCTCTCCTGCTAGCAGCCGGATGCTGGGGACAAGTCACCCTCTCACCGTTACTGTCACTGCAGCCACGCTACTTTTTGCCACTATGCCTACATGGTTCCCGGTTGGCAAGCTGAGGCAATGCGC
176,CTGACAGTTACCGTGACTGCAGCCACTCTTCTT,-3.4208448587455324e-05,GGAGTGTCGGCTCTCCTGCTAGCAGCCGGATGCTGGGGACAAGTCACCCTCTGACAGTTACCGTGACTGCAGCCACTCTTCTTTTTGCCACTATGCCTACATGGTTCCCGGTTGGCAAGCTGAGGCAATGCGC
177,CTTACCGTTACCGTAACTGCAGCCACGCTACTT,5.543745011267915e-05,GGAGTGTCGGCTCTCCTGCTAGCAGCCGGATGCTGGGGACAAGTCACCCTCTTACCGTTACCGTAACTGCAGCCACGCTACTTTTTGCCACTATGCCTACATGGTTCCCGGTTGGCAAGCTGAGGCAATGCGC
178,CTCACCGTTACCGTCACTGCCGCCACTCTACTT,0.0001450833488128,GGAGTGTCGGCTCTCCTGCTAGCAGCCGGATGCTGGGGACAAGTCACCCTCTCACCGTTACCGTCACTGCCGCCACTCTACTTTTTGCCACTATGCCTACATGGTTCCCGGTTGGCAAGCTGAGGCAATGCGC
179,CTGACTGTGACCGTCACTGCTGCCACTCTACTA,0.0005036669436133,GGAGTGTCGGCTCTCCTGCTAGCAGCCGGATGCTGGGGACAAGTCACCCTCTGACTGTGACCGTCACTGCTGCCACTCTACTATTTGCCACTATGCCTACATGGTTCCCGGTTGGCAAGCTGAGGCAATGCGC
180,CTCACAGTGACCGTCACAGCCGCCACTCTCCTT,0.0022069390189159,GGAGTGTCGGCTCTCCTGCTAGCAGCCGGATGCTGGGGACAAGTCACCCTCTCACAGTGACCGTCACAGCCGCCACTCTCCTTTTTGCCACTATGCCTACATGGTTCCCGGTTGGCAAGCTGAGGCAATGCGC
181,CTTACAGTTACCGTCACTGCAGCCACCCTTCTT,-3.4208448587455324e-05,GGAGTGTCGGCTCTCCTGCTAGCAGCCGGATGCTGGGGACAAGTCACCCTCTTACAGTTACCGTCACTGCAGCCACCCTTCTTTTTGCCACTATGCCTACATGGTTCCCGGTTGGCAAGCTGAGGCAATGCGC
182,CTGACCGTTACTGTAACTGCCGCCACGCTTCTT,-3.4208448587455324e-05,GGAGTGTCGGCTCTCCTGCTAGCAGCCGGATGCTGGGGACAAGTCACCCTCTGACCGTTACTGTAACTGCCGCCACGCTTCTTTTTGCCACTATGCCTACATGGTTCCCGGTTGGCAAGCTGAGGCAATGCGC
183,CTGACGGTAACAGTGACAGCAGCCACCCTACTT,0.0007726046397137,GGAGTGTCGGCTCTCCTGCTAGCAGCCGGATGCTGGGGACAAGTCACCCTCTGACGGTAACAGTGACAGCAGCCACCCTACTTTTTGCCACTATGCCTACATGGTTCCCGGTTGGCAAGCTGAGGCAATGCGC
184,CTGACTGTTACCGTCACTGCAGCCACTCTACTA,-3.4208448587455324e-05,GGAGTGTCGGCTCTCCTGCTAGCAGCCGGATGCTGGGGACAAGTCACCCTCTGACTGTTACCGTCACTGCAGCCACTCTACTATTTGCCACTATGCCTACATGGTTCCCGGTTGGCAAGCTGAGGCAATGCGC
185,CTGACAGTTACCGTGACTGCAGCCACGCTTCTT,-3.4208448587455324e-05,GGAGTGTCGGCTCTCCTGCTAGCAGCCGGATGCTGGGGACAAGTCACCCTCTGACAGTTACCGTGACTGCAGCCACGCTTCTTTTTGCCACTATGCCTACATGGTTCCCGGTTGGCAAGCTGAGGCAATGCGC
186,CTGACAGTTACCGTCACAGCAGCCACTCTCCTT,0.000951896437114,GGAGTGTCGGCTCTCCTGCTAGCAGCCGGATGCTGGGGACAAGTCACCCTCTGACAGTTACCGTCACAGCAGCCACTCTCCTTTTTGCCACTATGCCTACATGGTTCCCGGTTGGCAAGCTGAGGCAATGCGC
187,CTTACAGTTACCGTCACTGCAGCCACGCTTCTT,0.000324375146213,GGAGTGTCGGCTCTCCTGCTAGCAGCCGGATGCTGGGGACAAGTCACCCTCTTACAGTTACCGTCACTGCAGCCACGCTTCTTTTTGCCACTATGCCTACATGGTTCCCGGTTGGCAAGCTGAGGCAATGCGC
188,CTGACTGTTACTGTCACAGCTGCCACTCTCCTT,-3.4208448587455324e-05,GGAGTGTCGGCTCTCCTGCTAGCAGCCGGATGCTGGGGACAAGTCACCCTCTGACTGTTACTGTCACAGCTGCCACTCTCCTTTTTGCCACTATGCCTACATGGTTCCCGGTTGGCAAGCTGAGGCAATGCGC
189,CTTACCGTTACCGTCACTGCAGCCACTCTACTC,5.543745011267915e-05,GGAGTGTCGGCTCTCCTGCTAGCAGCCGGATGCTGGGGACAAGTCACCCTCTTACCGTTACCGTCACTGCAGCCACTCTACTCTTTGCCACTATGCCTACATGGTTCCCGGTTGGCAAGCTGAGGCAATGCGC
190,CTGACAGTTACCGTCACAGCAGCCACGCTTCTG,0.0038205651955183,GGAGTGTCGGCTCTCCTGCTAGCAGCCGGATGCTGGGGACAAGTCACCCTCTGACAGTTACCGTCACAGCAGCCACGCTTCTGTTTGCCACTATGCCTACATGGTTCCCGGTTGGCAAGCTGAGGCAATGCGC
191,CTGACCGTCACCGTAACCGCAGCCACTCTACTT,-3.4208448587455324e-05,GGAGTGTCGGCTCTCCTGCTAGCAGCCGGATGCTGGGGACAAGTCACCCTCTGACCGTCACCGTAACCGCAGCCACTCTACTTTTTGCCACTATGCCTACATGGTTCCCGGTTGGCAAGCTGAGGCAATGCGC
192,CTTACCGTTACGGTAACCGCTGCGACCCTCCTG,-3.4208448587455324e-05,GGAGTGTCGGCTCTCCTGCTAGCAGCCGGATGCTGGGGACAAGTCACCCTCTTACCGTTACGGTAACCGCTGCGACCCTCCTGTTTGCCACTATGCCTACATGGTTCCCGGTTGGCAAGCTGAGGCAATGCGC
193,CTTACCGTTACCGTAACCGCAGCCACCCTACTT,-3.4208448587455324e-05,GGAGTGTCGGCTCTCCTGCTAGCAGCCGGATGCTGGGGACAAGTCACCCTCTTACCGTTACCGTAACCGCAGCCACCCTACTTTTTGCCACTATGCCTACATGGTTCCCGGTTGGCAAGCTGAGGCAATGCGC
194,CTGACAGTTACCGTGACAGCAGCAACGCTACTT,-3.4208448587455324e-05,GGAGTGTCGGCTCTCCTGCTAGCAGCCGGATGCTGGGGACAAGTCACCCTCTGACAGTTACCGTGACAGCAGCAACGCTACTTTTTGCCACTATGCCTACATGGTTCCCGGTTGGCAAGCTGAGGCAATGCGC
195,CTGACAGTTACCGTCACAGCAGCCACTCTTCTT,-3.4208448587455324e-05,GGAGTGTCGGCTCTCCTGCTAGCAGCCGGATGCTGGGGACAAGTCACCCTCTGACAGTTACCGTCACAGCAGCCACTCTTCTTTTTGCCACTATGCCTACATGGTTCCCGGTTGGCAAGCTGAGGCAATGCGC
196,CTGACTGTAACCGTGACTGCAGCCACTCTACTT,0.0002347292475129,GGAGTGTCGGCTCTCCTGCTAGCAGCCGGATGCTGGGGACAAGTCACCCTCTGACTGTAACCGTGACTGCAGCCACTCTACTTTTTGCCACTATGCCTACATGGTTCCCGGTTGGCAAGCTGAGGCAATGCGC
197,CTTACCGTTACGGTAACTGCAGCCACGCTGCTT,0.000324375146213,GGAGTGTCGGCTCTCCTGCTAGCAGCCGGATGCTGGGGACAAGTCACCCTCTTACCGTTACGGTAACTGCAGCCACGCTGCTTTTTGCCACTATGCCTACATGGTTCCCGGTTGGCAAGCTGAGGCAATGCGC
198,CTCACCGTAACAGTCACTGCAGCAACCCTACTT,-3.4208448587455324e-05,GGAGTGTCGGCTCTCCTGCTAGCAGCCGGATGCTGGGGACAAGTCACCCTCTCACCGTAACAGTCACTGCAGCAACCCTACTTTTTGCCACTATGCCTACATGGTTCCCGGTTGGCAAGCTGAGGCAATGCGC
199,CTGACTGTGACCGTGACTGCAGCCACTCTACTA,0.0017587095254152,GGAGTGTCGGCTCTCCTGCTAGCAGCCGGATGCTGGGGACAAGTCACCCTCTGACTGTGACCGTGACTGCAGCCACTCTACTATTTGCCACTATGCCTACATGGTTCCCGGTTGGCAAGCTGAGGCAATGCGC
200,CTGACTGTTACTGTCACCGCTGCCACTCTCCTT,-3.4208448587455324e-05,GGAGTGTCGGCTCTCCTGCTAGCAGCCGGATGCTGGGGACAAGTCACCCTCTGACTGTTACTGTCACCGCTGCCACTCTCCTTTTTGCCACTATGCCTACATGGTTCCCGGTTGGCAAGCTGAGGCAATGCGC
201,CTCACAGTTACCGTCACCGCAGCCACTCTACTT,5.543745011267915e-05,GGAGTGTCGGCTCTCCTGCTAGCAGCCGGATGCTGGGGACAAGTCACCCTCTCACAGTTACCGTCACCGCAGCCACTCTACTTTTTGCCACTATGCCTACATGGTTCCCGGTTGGCAAGCTGAGGCAATGCGC
202,CTGACAGTTACCGTTACAGCAGCCACTCTACTG,0.0001450833488128,GGAGTGTCGGCTCTCCTGCTAGCAGCCGGATGCTGGGGACAAGTCACCCTCTGACAGTTACCGTTACAGCAGCCACTCTACTGTTTGCCACTATGCCTACATGGTTCCCGGTTGGCAAGCTGAGGCAATGCGC
203,CTTACAGTTACCGTTACAGCAGCCACGCTTCTT,0.0002347292475129,GGAGTGTCGGCTCTCCTGCTAGCAGCCGGATGCTGGGGACAAGTCACCCTCTTACAGTTACCGTTACAGCAGCCACGCTTCTTTTTGCCACTATGCCTACATGGTTCCCGGTTGGCAAGCTGAGGCAATGCGC
204,CTCACCGTTACTGTCACTGCAGCAACGCTACTT,5.543745011267915e-05,GGAGTGTCGGCTCTCCTGCTAGCAGCCGGATGCTGGGGACAAGTCACCCTCTCACCGTTACTGTCACTGCAGCAACGCTACTTTTTGCCACTATGCCTACATGGTTCCCGGTTGGCAAGCTGAGGCAATGCGC
205,CTGACCGTAACGGTAACTGCCGCCACGCTGCTT,0.0001450833488128,GGAGTGTCGGCTCTCCTGCTAGCAGCCGGATGCTGGGGACAAGTCACCCTCTGACCGTAACGGTAACTGCCGCCACGCTGCTTTTTGCCACTATGCCTACATGGTTCCCGGTTGGCAAGCTGAGGCAATGCGC
206,CTTACCGTTACGGTAACCGCAGCGACACTCCTG,0.0004140210449132,GGAGTGTCGGCTCTCCTGCTAGCAGCCGGATGCTGGGGACAAGTCACCCTCTTACCGTTACGGTAACCGCAGCGACACTCCTGTTTGCCACTATGCCTACATGGTTCCCGGTTGGCAAGCTGAGGCAATGCGC
207,CTCACAGTTACCGTCACAGCAGCCACCCTCCTT,-3.4208448587455324e-05,GGAGTGTCGGCTCTCCTGCTAGCAGCCGGATGCTGGGGACAAGTCACCCTCTCACAGTTACCGTCACAGCAGCCACCCTCCTTTTTGCCACTATGCCTACATGGTTCCCGGTTGGCAAGCTGAGGCAATGCGC
208,CTGACAGTTACCGTCACAGCAGCCACTCTACTT,0.0002347292475129,GGAGTGTCGGCTCTCCTGCTAGCAGCCGGATGCTGGGGACAAGTCACCCTCTGACAGTTACCGTCACAGCAGCCACTCTACTTTTTGCCACTATGCCTACATGGTTCCCGGTTGGCAAGCTGAGGCAATGCGC
209,CTCACCGTTACGGTCACTGCAGCAACCCTACTT,5.543745011267915e-05,GGAGTGTCGGCTCTCCTGCTAGCAGCCGGATGCTGGGGACAAGTCACCCTCTCACCGTTACGGTCACTGCAGCAACCCTACTTTTTGCCACTATGCCTACATGGTTCCCGGTTGGCAAGCTGAGGCAATGCGC
210,CTTACCGTTACCGTAACTGCAGCCACTCTACTC,-3.4208448587455324e-05,GGAGTGTCGGCTCTCCTGCTAGCAGCCGGATGCTGGGGACAAGTCACCCTCTTACCGTTACCGTAACTGCAGCCACTCTACTCTTTGCCACTATGCCTACATGGTTCCCGGTTGGCAAGCTGAGGCAATGCGC
211,CTCACAGTCACCGTGACCGCAGCGACCCTACTT,-3.4208448587455324e-05,GGAGTGTCGGCTCTCCTGCTAGCAGCCGGATGCTGGGGACAAGTCACCCTCTCACAGTCACCGTGACCGCAGCGACCCTACTTTTTGCCACTATGCCTACATGGTTCCCGGTTGGCAAGCTGAGGCAATGCGC
212,CTGACCGTCACCGTAACTGCAGCCACTCTACTC,-3.4208448587455324e-05,GGAGTGTCGGCTCTCCTGCTAGCAGCCGGATGCTGGGGACAAGTCACCCTCTGACCGTCACCGTAACTGCAGCCACTCTACTCTTTGCCACTATGCCTACATGGTTCCCGGTTGGCAAGCTGAGGCAATGCGC
213,CTGACAGTTACCGTGACAGCAGCCACTCTTCTT,-3.4208448587455324e-05,GGAGTGTCGGCTCTCCTGCTAGCAGCCGGATGCTGGGGACAAGTCACCCTCTGACAGTTACCGTGACAGCAGCCACTCTTCTTTTTGCCACTATGCCTACATGGTTCCCGGTTGGCAAGCTGAGGCAATGCGC
214,CTGACCGTCACTGTAACTGCTGCTACTCTCCTT,-3.4208448587455324e-05,GGAGTGTCGGCTCTCCTGCTAGCAGCCGGATGCTGGGGACAAGTCACCCTCTGACCGTCACTGTAACTGCTGCTACTCTCCTTTTTGCCACTATGCCTACATGGTTCCCGGTTGGCAAGCTGAGGCAATGCGC
215,CTTACAGTTACCGTCACTGCAGCCACTCTACTT,-3.4208448587455324e-05,GGAGTGTCGGCTCTCCTGCTAGCAGCCGGATGCTGGGGACAAGTCACCCTCTTACAGTTACCGTCACTGCAGCCACTCTACTTTTTGCCACTATGCCTACATGGTTCCCGGTTGGCAAGCTGAGGCAATGCGC
216,CTGACTGTAACCGTCACTGCCGCTACTCTTCTC,-3.4208448587455324e-05,GGAGTGTCGGCTCTCCTGCTAGCAGCCGGATGCTGGGGACAAGTCACCCTCTGACTGTAACCGTCACTGCCGCTACTCTTCTCTTTGCCACTATGCCTACATGGTTCCCGGTTGGCAAGCTGAGGCAATGCGC
217,CTGACTGTGACCGTGACTGCAGCCACTCTACTT,0.000324375146213,GGAGTGTCGGCTCTCCTGCTAGCAGCCGGATGCTGGGGACAAGTCACCCTCTGACTGTGACCGTGACTGCAGCCACTCTACTTTTTGCCACTATGCCTACATGGTTCCCGGTTGGCAAGCTGAGGCAATGCGC
218,CTTACCGTTACGGTCACTGCAGCCACGCTACTT,0.0006552400159572,GGAGTGTCGGCTCTCCTGCTAGCAGCCGGATGCTGGGGACAAGTCACCCTCTTACCGTTACGGTCACTGCAGCCACGCTACTTTTTGCCACTATGCCTACATGGTTCCCGGTTGGCAAGCTGAGGCAATGCGC
219,CTTACAGTAACCGTAACTGCAGCCACCCTACTT,2.7718725056339568e-05,GGAGTGTCGGCTCTCCTGCTAGCAGCCGGATGCTGGGGACAAGTCACCCTCTTACAGTAACCGTAACTGCAGCCACCCTACTTTTTGCCACTATGCCTACATGGTTCCCGGTTGGCAAGCTGAGGCAATGCGC
220,CTGACAGTAACCGTGACTGCAGCCACTCTACTT,2.7718725056339568e-05,GGAGTGTCGGCTCTCCTGCTAGCAGCCGGATGCTGGGGACAAGTCACCCTCTGACAGTAACCGTGACTGCAGCCACTCTACTTTTTGCCACTATGCCTACATGGTTCCCGGTTGGCAAGCTGAGGCAATGCGC
221,CTCACAGTTACCGTCACCGCAGCCACTCTTCTG,2.7718725056339568e-05,GGAGTGTCGGCTCTCCTGCTAGCAGCCGGATGCTGGGGACAAGTCACCCTCTCACAGTTACCGTCACCGCAGCCACTCTTCTGTTTGCCACTATGCCTACATGGTTCCCGGTTGGCAAGCTGAGGCAATGCGC
222,CTGACTGTTACCGTCACCGCAGCCACTCTCCTT,2.7718725056339568e-05,GGAGTGTCGGCTCTCCTGCTAGCAGCCGGATGCTGGGGACAAGTCACCCTCTGACTGTTACCGTCACCGCAGCCACTCTCCTTTTTGCCACTATGCCTACATGGTTCCCGGTTGGCAAGCTGAGGCAATGCGC
223,CTTACCGTTACCGTAACCGCTGCGACACTCCTG,2.7718725056339568e-05,GGAGTGTCGGCTCTCCTGCTAGCAGCCGGATGCTGGGGACAAGTCACCCTCTTACCGTTACCGTAACCGCTGCGACACTCCTGTTTGCCACTATGCCTACATGGTTCCCGGTTGGCAAGCTGAGGCAATGCGC
224,CTTACTGTTACCGTCACTGCAGCCACTCTACTC,2.7718725056339568e-05,GGAGTGTCGGCTCTCCTGCTAGCAGCCGGATGCTGGGGACAAGTCACCCTCTTACTGTTACCGTCACTGCAGCCACTCTACTCTTTGCCACTATGCCTACATGGTTCCCGGTTGGCAAGCTGAGGCAATGCGC
225,CTTACCGTAACGGTAACTGCCGCCACGCTTCTT,0.0002070105224566,GGAGTGTCGGCTCTCCTGCTAGCAGCCGGATGCTGGGGACAAGTCACCCTCTTACCGTAACGGTAACTGCCGCCACGCTTCTTTTTGCCACTATGCCTACATGGTTCCCGGTTGGCAAGCTGAGGCAATGCGC
226,CTGACAGTTACCGTCACAGCAGCCACGCTACTT,0.0002070105224566,GGAGTGTCGGCTCTCCTGCTAGCAGCCGGATGCTGGGGACAAGTCACCCTCTGACAGTTACCGTCACAGCAGCCACGCTACTTTTTGCCACTATGCCTACATGGTTCCCGGTTGGCAAGCTGAGGCAATGCGC
227,CTGACAGTTACGGTCACTGCAGCCACGCTTCTC,0.0002966564211567,GGAGTGTCGGCTCTCCTGCTAGCAGCCGGATGCTGGGGACAAGTCACCCTCTGACAGTTACGGTCACTGCAGCCACGCTTCTCTTTGCCACTATGCCTACATGGTTCCCGGTTGGCAAGCTGAGGCAATGCGC
228,CTTACCGTAACGGTAACTGCCGCCACTCTGCTT,0.0002070105224566,GGAGTGTCGGCTCTCCTGCTAGCAGCCGGATGCTGGGGACAAGTCACCCTCTTACCGTAACGGTAACTGCCGCCACTCTGCTTTTTGCCACTATGCCTACATGGTTCCCGGTTGGCAAGCTGAGGCAATGCGC
229,CTTACCGTTACCGTAACCGCAGCGACACTCCTG,2.7718725056339568e-05,GGAGTGTCGGCTCTCCTGCTAGCAGCCGGATGCTGGGGACAAGTCACCCTCTTACCGTTACCGTAACCGCAGCGACACTCCTGTTTGCCACTATGCCTACATGGTTCCCGGTTGGCAAGCTGAGGCAATGCGC
230,CTTACCGTTACCGTAACTGCCGCCACGCTGCTT,0.0002966564211567,GGAGTGTCGGCTCTCCTGCTAGCAGCCGGATGCTGGGGACAAGTCACCCTCTTACCGTTACCGTAACTGCCGCCACGCTGCTTTTTGCCACTATGCCTACATGGTTCCCGGTTGGCAAGCTGAGGCAATGCGC
231,CTCACAGTTACCGTCACCGCAGCCACTCTACTG,2.7718725056339568e-05,GGAGTGTCGGCTCTCCTGCTAGCAGCCGGATGCTGGGGACAAGTCACCCTCTCACAGTTACCGTCACCGCAGCCACTCTACTGTTTGCCACTATGCCTACATGGTTCCCGGTTGGCAAGCTGAGGCAATGCGC
232,CTGACAGTTACCGTCACAGCAGCAACCCTACTT,0.0002966564211567,GGAGTGTCGGCTCTCCTGCTAGCAGCCGGATGCTGGGGACAAGTCACCCTCTGACAGTTACCGTCACAGCAGCAACCCTACTTTTTGCCACTATGCCTACATGGTTCCCGGTTGGCAAGCTGAGGCAATGCGC
233,CTGACTGTCACCGTTACTGCAGCCACTCTACTT,2.7718725056339568e-05,GGAGTGTCGGCTCTCCTGCTAGCAGCCGGATGCTGGGGACAAGTCACCCTCTGACTGTCACCGTTACTGCAGCCACTCTACTTTTTGCCACTATGCCTACATGGTTCCCGGTTGGCAAGCTGAGGCAATGCGC
234,CTGACAGTCACAGTGACTGCAGCCACTCTTCTT,2.7718725056339568e-05,GGAGTGTCGGCTCTCCTGCTAGCAGCCGGATGCTGGGGACAAGTCACCCTCTGACAGTCACAGTGACTGCAGCCACTCTTCTTTTTGCCACTATGCCTACATGGTTCCCGGTTGGCAAGCTGAGGCAATGCGC
235,CTGACCGTTACCGTGACTGCAGCCACCCTACTT,2.7718725056339568e-05,GGAGTGTCGGCTCTCCTGCTAGCAGCCGGATGCTGGGGACAAGTCACCCTCTGACCGTTACCGTGACTGCAGCCACCCTACTTTTTGCCACTATGCCTACATGGTTCCCGGTTGGCAAGCTGAGGCAATGCGC
236,CTCACCGTCACTGTCACTGCCGCAACTCTACTT,2.7718725056339568e-05,GGAGTGTCGGCTCTCCTGCTAGCAGCCGGATGCTGGGGACAAGTCACCCTCTCACCGTCACTGTCACTGCCGCAACTCTACTTTTTGCCACTATGCCTACATGGTTCCCGGTTGGCAAGCTGAGGCAATGCGC
237,CTGACCGTAACAGTCACAGCAGCAACCCTACTT,2.7718725056339568e-05,GGAGTGTCGGCTCTCCTGCTAGCAGCCGGATGCTGGGGACAAGTCACCCTCTGACCGTAACAGTCACAGCAGCAACCCTACTTTTTGCCACTATGCCTACATGGTTCCCGGTTGGCAAGCTGAGGCAATGCGC
238,CTGACTGTAACAGTGACTGCAGCAACCCTACTT,2.7718725056339568e-05,GGAGTGTCGGCTCTCCTGCTAGCAGCCGGATGCTGGGGACAAGTCACCCTCTGACTGTAACAGTGACTGCAGCAACCCTACTTTTTGCCACTATGCCTACATGGTTCCCGGTTGGCAAGCTGAGGCAATGCGC
239,CTTACAGTTACGGTCACTGCAGCAACCCTACTT,2.7718725056339568e-05,GGAGTGTCGGCTCTCCTGCTAGCAGCCGGATGCTGGGGACAAGTCACCCTCTTACAGTTACGGTCACTGCAGCAACCCTACTTTTTGCCACTATGCCTACATGGTTCCCGGTTGGCAAGCTGAGGCAATGCGC
240,CTGACAGTCACCGTGACTGCCGCCACTCTTCTT,0.0001173646237564,GGAGTGTCGGCTCTCCTGCTAGCAGCCGGATGCTGGGGACAAGTCACCCTCTGACAGTCACCGTGACTGCCGCCACTCTTCTTTTTGCCACTATGCCTACATGGTTCCCGGTTGGCAAGCTGAGGCAATGCGC
241,CTGACAGTTACTGTCACTGCCGCCACTCTTCTT,2.7718725056339568e-05,GGAGTGTCGGCTCTCCTGCTAGCAGCCGGATGCTGGGGACAAGTCACCCTCTGACAGTTACTGTCACTGCCGCCACTCTTCTTTTTGCCACTATGCCTACATGGTTCCCGGTTGGCAAGCTGAGGCAATGCGC
242,CTCACAGTTACCGTGACCGCAGCCACCCTACTT,2.7718725056339568e-05,GGAGTGTCGGCTCTCCTGCTAGCAGCCGGATGCTGGGGACAAGTCACCCTCTCACAGTTACCGTGACCGCAGCCACCCTACTTTTTGCCACTATGCCTACATGGTTCCCGGTTGGCAAGCTGAGGCAATGCGC
243,CTCACAGTTACCGTCACAGCAGCCACTCTACTT,2.7718725056339568e-05,GGAGTGTCGGCTCTCCTGCTAGCAGCCGGATGCTGGGGACAAGTCACCCTCTCACAGTTACCGTCACAGCAGCCACTCTACTTTTTGCCACTATGCCTACATGGTTCCCGGTTGGCAAGCTGAGGCAATGCGC
244,CTGACAGTTACCGTTACAGCAGCCACTCTTCTC,2.7718725056339568e-05,GGAGTGTCGGCTCTCCTGCTAGCAGCCGGATGCTGGGGACAAGTCACCCTCTGACAGTTACCGTTACAGCAGCCACTCTTCTCTTTGCCACTATGCCTACATGGTTCCCGGTTGGCAAGCTGAGGCAATGCGC
245,CTGACCGTAACCGTGACTGCAGCCACCCTACTT,2.7718725056339568e-05,GGAGTGTCGGCTCTCCTGCTAGCAGCCGGATGCTGGGGACAAGTCACCCTCTGACCGTAACCGTGACTGCAGCCACCCTACTTTTTGCCACTATGCCTACATGGTTCCCGGTTGGCAAGCTGAGGCAATGCGC
246,CTGACAGTTACCGTAACAGCAGCCACGCTTCTT,0.0002070105224566,GGAGTGTCGGCTCTCCTGCTAGCAGCCGGATGCTGGGGACAAGTCACCCTCTGACAGTTACCGTAACAGCAGCCACGCTTCTTTTTGCCACTATGCCTACATGGTTCCCGGTTGGCAAGCTGAGGCAATGCGC
247,CTTACCGTAACCGTAACTGCAGCCACTCTACTT,0.0001173646237564,GGAGTGTCGGCTCTCCTGCTAGCAGCCGGATGCTGGGGACAAGTCACCCTCTTACCGTAACCGTAACTGCAGCCACTCTACTTTTTGCCACTATGCCTACATGGTTCCCGGTTGGCAAGCTGAGGCAATGCGC
248,CTGACAGTAACCGTCACTGCCGCCACTCTCCTT,2.7718725056339568e-05,GGAGTGTCGGCTCTCCTGCTAGCAGCCGGATGCTGGGGACAAGTCACCCTCTGACAGTAACCGTCACTGCCGCCACTCTCCTTTTTGCCACTATGCCTACATGGTTCCCGGTTGGCAAGCTGAGGCAATGCGC
249,CTAACAGTTACGGTCACCGCCGCAACGCTTCTT,2.7718725056339568e-05,GGAGTGTCGGCTCTCCTGCTAGCAGCCGGATGCTGGGGACAAGTCACCCTCTAACAGTTACGGTCACCGCCGCAACGCTTCTTTTTGCCACTATGCCTACATGGTTCCCGGTTGGCAAGCTGAGGCAATGCGC
250,CTGACAGTTACGGTCACAGCAGCAACCCTACTT,2.7718725056339568e-05,GGAGTGTCGGCTCTCCTGCTAGCAGCCGGATGCTGGGGACAAGTCACCCTCTGACAGTTACGGTCACAGCAGCAACCCTACTTTTTGCCACTATGCCTACATGGTTCCCGGTTGGCAAGCTGAGGCAATGCGC
251,CTGACAGTTACCGTCACAGCAGCCACTCTTCTA,0.0002070105224566,GGAGTGTCGGCTCTCCTGCTAGCAGCCGGATGCTGGGGACAAGTCACCCTCTGACAGTTACCGTCACAGCAGCCACTCTTCTATTTGCCACTATGCCTACATGGTTCCCGGTTGGCAAGCTGAGGCAATGCGC
252,CTGACGGTAACAGTCACTGCAGCAACCCTACTT,2.7718725056339568e-05,GGAGTGTCGGCTCTCCTGCTAGCAGCCGGATGCTGGGGACAAGTCACCCTCTGACGGTAACAGTCACTGCAGCAACCCTACTTTTTGCCACTATGCCTACATGGTTCCCGGTTGGCAAGCTGAGGCAATGCGC
253,CTTACCGTAACGGTAACTGCAGCCACCCTACTT,2.7718725056339568e-05,GGAGTGTCGGCTCTCCTGCTAGCAGCCGGATGCTGGGGACAAGTCACCCTCTTACCGTAACGGTAACTGCAGCCACCCTACTTTTTGCCACTATGCCTACATGGTTCCCGGTTGGCAAGCTGAGGCAATGCGC
254,CTAACAGTTACAGTCACTGCCGCTACTCTGCTC,2.7718725056339568e-05,GGAGTGTCGGCTCTCCTGCTAGCAGCCGGATGCTGGGGACAAGTCACCCTCTAACAGTTACAGTCACTGCCGCTACTCTGCTCTTTGCCACTATGCCTACATGGTTCCCGGTTGGCAAGCTGAGGCAATGCGC
255,CTTACCGTTACCGTCACCGCAGCAACCCTACTT,0.0001173646237564,GGAGTGTCGGCTCTCCTGCTAGCAGCCGGATGCTGGGGACAAGTCACCCTCTTACCGTTACCGTCACCGCAGCAACCCTACTTTTTGCCACTATGCCTACATGGTTCCCGGTTGGCAAGCTGAGGCAATGCGC
256,CTCACTGTAACAGTTACTGCTGCCACTCTACTT,0.0001173646237564,GGAGTGTCGGCTCTCCTGCTAGCAGCCGGATGCTGGGGACAAGTCACCCTCTCACTGTAACAGTTACTGCTGCCACTCTACTTTTTGCCACTATGCCTACATGGTTCCCGGTTGGCAAGCTGAGGCAATGCGC
257,CTTACCGTTACGGTAACCGCTGCGACACTCCTT,0.000475948218557,GGAGTGTCGGCTCTCCTGCTAGCAGCCGGATGCTGGGGACAAGTCACCCTCTTACCGTTACGGTAACCGCTGCGACACTCCTTTTTGCCACTATGCCTACATGGTTCCCGGTTGGCAAGCTGAGGCAATGCGC
258,CTTACAGTAACCGTCACTGCAGCAACTCTACTT,0.0001173646237564,GGAGTGTCGGCTCTCCTGCTAGCAGCCGGATGCTGGGGACAAGTCACCCTCTTACAGTAACCGTCACTGCAGCAACTCTACTTTTTGCCACTATGCCTACATGGTTCCCGGTTGGCAAGCTGAGGCAATGCGC
259,CTGACAGTTACAGTGACTGCCGCCACTCTTCTT,2.7718725056339568e-05,GGAGTGTCGGCTCTCCTGCTAGCAGCCGGATGCTGGGGACAAGTCACCCTCTGACAGTTACAGTGACTGCCGCCACTCTTCTTTTTGCCACTATGCCTACATGGTTCCCGGTTGGCAAGCTGAGGCAATGCGC
260,CTGACAGTTACCGTGACTGCCGCCACTCTTCTT,2.7718725056339568e-05,GGAGTGTCGGCTCTCCTGCTAGCAGCCGGATGCTGGGGACAAGTCACCCTCTGACAGTTACCGTGACTGCCGCCACTCTTCTTTTTGCCACTATGCCTACATGGTTCCCGGTTGGCAAGCTGAGGCAATGCGC
261,CTGACAGTTACCGTAACCGCCGCCACCCTTCTA,0.0002070105224566,GGAGTGTCGGCTCTCCTGCTAGCAGCCGGATGCTGGGGACAAGTCACCCTCTGACAGTTACCGTAACCGCCGCCACCCTTCTATTTGCCACTATGCCTACATGGTTCCCGGTTGGCAAGCTGAGGCAATGCGC
262,CTTACCGTTACGGTAACTGCCGCCACGCTCCTT,0.0002070105224566,GGAGTGTCGGCTCTCCTGCTAGCAGCCGGATGCTGGGGACAAGTCACCCTCTTACCGTTACGGTAACTGCCGCCACGCTCCTTTTTGCCACTATGCCTACATGGTTCCCGGTTGGCAAGCTGAGGCAATGCGC
263,CTTACTGTAACCGTCACTGCAGCAACTCTGCTC,0.0001173646237564,GGAGTGTCGGCTCTCCTGCTAGCAGCCGGATGCTGGGGACAAGTCACCCTCTTACTGTAACCGTCACTGCAGCAACTCTGCTCTTTGCCACTATGCCTACATGGTTCCCGGTTGGCAAGCTGAGGCAATGCGC
264,CTTACCGTAACGGTAACTGCAGCCACGCTACTT,0.0002966564211567,GGAGTGTCGGCTCTCCTGCTAGCAGCCGGATGCTGGGGACAAGTCACCCTCTTACCGTAACGGTAACTGCAGCCACGCTACTTTTTGCCACTATGCCTACATGGTTCCCGGTTGGCAAGCTGAGGCAATGCGC
265,CTAACAGTAACAGTCACTGCCGCTACTCTGCTT,0.0002070105224566,GGAGTGTCGGCTCTCCTGCTAGCAGCCGGATGCTGGGGACAAGTCACCCTCTAACAGTAACAGTCACTGCCGCTACTCTGCTTTTTGCCACTATGCCTACATGGTTCCCGGTTGGCAAGCTGAGGCAATGCGC
266,CTCACAGTTACCGTCACTGCCGCCACTCTCCTA,2.7718725056339568e-05,GGAGTGTCGGCTCTCCTGCTAGCAGCCGGATGCTGGGGACAAGTCACCCTCTCACAGTTACCGTCACTGCCGCCACTCTCCTATTTGCCACTATGCCTACATGGTTCCCGGTTGGCAAGCTGAGGCAATGCGC
267,CTTACCGTTACCGTTACTGCAGCAACCCTACTT,2.7718725056339568e-05,GGAGTGTCGGCTCTCCTGCTAGCAGCCGGATGCTGGGGACAAGTCACCCTCTTACCGTTACCGTTACTGCAGCAACCCTACTTTTTGCCACTATGCCTACATGGTTCCCGGTTGGCAAGCTGAGGCAATGCGC
268,CTGACAGTAACAGTCACTGCCGCTACTCTGCTC,0.0002966564211567,GGAGTGTCGGCTCTCCTGCTAGCAGCCGGATGCTGGGGACAAGTCACCCTCTGACAGTAACAGTCACTGCCGCTACTCTGCTCTTTGCCACTATGCCTACATGGTTCCCGGTTGGCAAGCTGAGGCAATGCGC
269,CTAACAGTAACGGTCACTGCCGCCACGCTTCTT,2.7718725056339568e-05,GGAGTGTCGGCTCTCCTGCTAGCAGCCGGATGCTGGGGACAAGTCACCCTCTAACAGTAACGGTCACTGCCGCCACGCTTCTTTTTGCCACTATGCCTACATGGTTCCCGGTTGGCAAGCTGAGGCAATGCGC
270,CTTACCGTCACCGTCACCGCAGCAACTCTACTT,2.7718725056339568e-05,GGAGTGTCGGCTCTCCTGCTAGCAGCCGGATGCTGGGGACAAGTCACCCTCTTACCGTCACCGTCACCGCAGCAACTCTACTTTTTGCCACTATGCCTACATGGTTCCCGGTTGGCAAGCTGAGGCAATGCGC
271,CTGACAGTTACCGTCACCGCAGCCACTCTTCTG,2.7718725056339568e-05,GGAGTGTCGGCTCTCCTGCTAGCAGCCGGATGCTGGGGACAAGTCACCCTCTGACAGTTACCGTCACCGCAGCCACTCTTCTGTTTGCCACTATGCCTACATGGTTCCCGGTTGGCAAGCTGAGGCAATGCGC
272,CTTACCGTAACCGTAACTGCAGCCACGCTGCTT,0.0001173646237564,GGAGTGTCGGCTCTCCTGCTAGCAGCCGGATGCTGGGGACAAGTCACCCTCTTACCGTAACCGTAACTGCAGCCACGCTGCTTTTTGCCACTATGCCTACATGGTTCCCGGTTGGCAAGCTGAGGCAATGCGC
273,CTTACAGTTACCGTCACTGCAGCCACGCTACTT,2.7718725056339568e-05,GGAGTGTCGGCTCTCCTGCTAGCAGCCGGATGCTGGGGACAAGTCACCCTCTTACAGTTACCGTCACTGCAGCCACGCTACTTTTTGCCACTATGCCTACATGGTTCCCGGTTGGCAAGCTGAGGCAATGCGC
274,CTGACAGTTACGGTTACAGCAGCCACGCTTCTT,2.7718725056339568e-05,GGAGTGTCGGCTCTCCTGCTAGCAGCCGGATGCTGGGGACAAGTCACCCTCTGACAGTTACGGTTACAGCAGCCACGCTTCTTTTTGCCACTATGCCTACATGGTTCCCGGTTGGCAAGCTGAGGCAATGCGC
275,CTTACTGTTACCGTTACCGCAGCAACACTACTT,0.000475948218557,GGAGTGTCGGCTCTCCTGCTAGCAGCCGGATGCTGGGGACAAGTCACCCTCTTACTGTTACCGTTACCGCAGCAACACTACTTTTTGCCACTATGCCTACATGGTTCCCGGTTGGCAAGCTGAGGCAATGCGC
276,CTCACAGTTACCGTCACCGCAGCCACTCTCCTG,2.7718725056339568e-05,GGAGTGTCGGCTCTCCTGCTAGCAGCCGGATGCTGGGGACAAGTCACCCTCTCACAGTTACCGTCACCGCAGCCACTCTCCTGTTTGCCACTATGCCTACATGGTTCCCGGTTGGCAAGCTGAGGCAATGCGC
277,CTCACAGTCACCGTGACTGCTGCCACCCTACTT,2.7718725056339568e-05,GGAGTGTCGGCTCTCCTGCTAGCAGCCGGATGCTGGGGACAAGTCACCCTCTCACAGTCACCGTGACTGCTGCCACCCTACTTTTTGCCACTATGCCTACATGGTTCCCGGTTGGCAAGCTGAGGCAATGCGC
278,CTCACAGTGACCGTCACAGCAGCCACTCTCCTA,0.0008345318133575,GGAGTGTCGGCTCTCCTGCTAGCAGCCGGATGCTGGGGACAAGTCACCCTCTCACAGTGACCGTCACAGCAGCCACTCTCCTATTTGCCACTATGCCTACATGGTTCCCGGTTGGCAAGCTGAGGCAATGCGC
279,CTTACAGTTACCGTCACAGCAGCCACTCTACTT,2.7718725056339568e-05,GGAGTGTCGGCTCTCCTGCTAGCAGCCGGATGCTGGGGACAAGTCACCCTCTTACAGTTACCGTCACAGCAGCCACTCTACTTTTTGCCACTATGCCTACATGGTTCCCGGTTGGCAAGCTGAGGCAATGCGC
280,CTTACCGTTACTGTCACTGCAGCAACGCTACTT,0.0001173646237564,GGAGTGTCGGCTCTCCTGCTAGCAGCCGGATGCTGGGGACAAGTCACCCTCTTACCGTTACTGTCACTGCAGCAACGCTACTTTTTGCCACTATGCCTACATGGTTCCCGGTTGGCAAGCTGAGGCAATGCGC
281,CTGACAGTTACCGTCACTGCCGCCACTCTTCTT,0.0002966564211567,GGAGTGTCGGCTCTCCTGCTAGCAGCCGGATGCTGGGGACAAGTCACCCTCTGACAGTTACCGTCACTGCCGCCACTCTTCTTTTTGCCACTATGCCTACATGGTTCCCGGTTGGCAAGCTGAGGCAATGCGC
282,CTGACAGTCACAGTCACTGCCGCGACTCTTCTT,2.7718725056339568e-05,GGAGTGTCGGCTCTCCTGCTAGCAGCCGGATGCTGGGGACAAGTCACCCTCTGACAGTCACAGTCACTGCCGCGACTCTTCTTTTTGCCACTATGCCTACATGGTTCCCGGTTGGCAAGCTGAGGCAATGCGC
283,CTGACTGTCACCGTGACTGCAGCCACTCTACTT,0.0001173646237564,GGAGTGTCGGCTCTCCTGCTAGCAGCCGGATGCTGGGGACAAGTCACCCTCTGACTGTCACCGTGACTGCAGCCACTCTACTTTTTGCCACTATGCCTACATGGTTCCCGGTTGGCAAGCTGAGGCAATGCGC
284,CTCACAGTCACCGTGACCGCAGCAACCCTACTT,2.7718725056339568e-05,GGAGTGTCGGCTCTCCTGCTAGCAGCCGGATGCTGGGGACAAGTCACCCTCTCACAGTCACCGTGACCGCAGCAACCCTACTTTTTGCCACTATGCCTACATGGTTCCCGGTTGGCAAGCTGAGGCAATGCGC
285,CTGACGGTAACAGTAACAGCAGCAACCCTACTT,2.7718725056339568e-05,GGAGTGTCGGCTCTCCTGCTAGCAGCCGGATGCTGGGGACAAGTCACCCTCTGACGGTAACAGTAACAGCAGCAACCCTACTTTTTGCCACTATGCCTACATGGTTCCCGGTTGGCAAGCTGAGGCAATGCGC
286,CTAACTGTAACCGTCACTGCAGCAACCCTGCTC,2.7718725056339568e-05,GGAGTGTCGGCTCTCCTGCTAGCAGCCGGATGCTGGGGACAAGTCACCCTCTAACTGTAACCGTCACTGCAGCAACCCTGCTCTTTGCCACTATGCCTACATGGTTCCCGGTTGGCAAGCTGAGGCAATGCGC
287,CTTACCGTAACGGTCACTGCCGCCACGCTGCTT,0.0011034695094579,GGAGTGTCGGCTCTCCTGCTAGCAGCCGGATGCTGGGGACAAGTCACCCTCTTACCGTAACGGTCACTGCCGCCACGCTGCTTTTTGCCACTATGCCTACATGGTTCCCGGTTGGCAAGCTGAGGCAATGCGC
288,CTTACTGTTACCGTCACCGCAGCAACTCTACTT,0.0001173646237564,GGAGTGTCGGCTCTCCTGCTAGCAGCCGGATGCTGGGGACAAGTCACCCTCTTACTGTTACCGTCACCGCAGCAACTCTACTTTTTGCCACTATGCCTACATGGTTCCCGGTTGGCAAGCTGAGGCAATGCGC
289,CTTACCGTTACCGTAACTGCAGCCACGCTGCTT,2.7718725056339568e-05,GGAGTGTCGGCTCTCCTGCTAGCAGCCGGATGCTGGGGACAAGTCACCCTCTTACCGTTACCGTAACTGCAGCCACGCTGCTTTTTGCCACTATGCCTACATGGTTCCCGGTTGGCAAGCTGAGGCAATGCGC
290,CTTACAGTAACCGTCACTGCAGCCACCCTACTT,2.7718725056339568e-05,GGAGTGTCGGCTCTCCTGCTAGCAGCCGGATGCTGGGGACAAGTCACCCTCTTACAGTAACCGTCACTGCAGCCACCCTACTTTTTGCCACTATGCCTACATGGTTCCCGGTTGGCAAGCTGAGGCAATGCGC
291,CTTACAGTCACCGTCACTGCAGCCACTCTACTC,0.0001173646237564,GGAGTGTCGGCTCTCCTGCTAGCAGCCGGATGCTGGGGACAAGTCACCCTCTTACAGTCACCGTCACTGCAGCCACTCTACTCTTTGCCACTATGCCTACATGGTTCCCGGTTGGCAAGCTGAGGCAATGCGC
292,CTGACAGTTACCGTCACAGCAGCCACTCTCCTG,0.0003863023198568,GGAGTGTCGGCTCTCCTGCTAGCAGCCGGATGCTGGGGACAAGTCACCCTCTGACAGTTACCGTCACAGCAGCCACTCTCCTGTTTGCCACTATGCCTACATGGTTCCCGGTTGGCAAGCTGAGGCAATGCGC
293,CTGACCGTTACCGTAACAGCAGCCACGCTTCTT,2.7718725056339568e-05,GGAGTGTCGGCTCTCCTGCTAGCAGCCGGATGCTGGGGACAAGTCACCCTCTGACCGTTACCGTAACAGCAGCCACGCTTCTTTTTGCCACTATGCCTACATGGTTCCCGGTTGGCAAGCTGAGGCAATGCGC
294,CTGACGGTAACGGTGACAGCAGCAACCCTACTT,2.7718725056339568e-05,GGAGTGTCGGCTCTCCTGCTAGCAGCCGGATGCTGGGGACAAGTCACCCTCTGACGGTAACGGTGACAGCAGCAACCCTACTTTTTGCCACTATGCCTACATGGTTCCCGGTTGGCAAGCTGAGGCAATGCGC
295,CTGACAGTAACAGTGACAGCAGCCACCCTACTT,0.0001173646237564,GGAGTGTCGGCTCTCCTGCTAGCAGCCGGATGCTGGGGACAAGTCACCCTCTGACAGTAACAGTGACAGCAGCCACCCTACTTTTTGCCACTATGCCTACATGGTTCCCGGTTGGCAAGCTGAGGCAATGCGC
296,CTGACAGTTACCGTTACTGCAGCCACGCTGCTT,2.7718725056339568e-05,GGAGTGTCGGCTCTCCTGCTAGCAGCCGGATGCTGGGGACAAGTCACCCTCTGACAGTTACCGTTACTGCAGCCACGCTGCTTTTTGCCACTATGCCTACATGGTTCCCGGTTGGCAAGCTGAGGCAATGCGC
297,CTGACCGTTACTGTCACTGCCGCCACTCTCCTT,0.0001173646237564,GGAGTGTCGGCTCTCCTGCTAGCAGCCGGATGCTGGGGACAAGTCACCCTCTGACCGTTACTGTCACTGCCGCCACTCTCCTTTTTGCCACTATGCCTACATGGTTCCCGGTTGGCAAGCTGAGGCAATGCGC
298,CTGACCGTCACCGTCACTGCCGCCACTCTACTT,2.7718725056339568e-05,GGAGTGTCGGCTCTCCTGCTAGCAGCCGGATGCTGGGGACAAGTCACCCTCTGACCGTCACCGTCACTGCCGCCACTCTACTTTTTGCCACTATGCCTACATGGTTCCCGGTTGGCAAGCTGAGGCAATGCGC
299,CTGACTGTTACCGTCACAGCTGCCACTCTTCTT,2.7718725056339568e-05,GGAGTGTCGGCTCTCCTGCTAGCAGCCGGATGCTGGGGACAAGTCACCCTCTGACTGTTACCGTCACAGCTGCCACTCTTCTTTTTGCCACTATGCCTACATGGTTCCCGGTTGGCAAGCTGAGGCAATGCGC
300,CTTACCGTTACTGTAACTGCAGCAACGCTACTT,2.7718725056339568e-05,GGAGTGTCGGCTCTCCTGCTAGCAGCCGGATGCTGGGGACAAGTCACCCTCTTACCGTTACTGTAACTGCAGCAACGCTACTTTTTGCCACTATGCCTACATGGTTCCCGGTTGGCAAGCTGAGGCAATGCGC
301,CTGACAGTAACAGTCACAGCAGCAACCCTACTT,0.0003863023198568,GGAGTGTCGGCTCTCCTGCTAGCAGCCGGATGCTGGGGACAAGTCACCCTCTGACAGTAACAGTCACAGCAGCAACCCTACTTTTTGCCACTATGCCTACATGGTTCCCGGTTGGCAAGCTGAGGCAATGCGC
302,CTGACAGTAACAGTCACTGCAGCTACTCTGCTC,2.7718725056339568e-05,GGAGTGTCGGCTCTCCTGCTAGCAGCCGGATGCTGGGGACAAGTCACCCTCTGACAGTAACAGTCACTGCAGCTACTCTGCTCTTTGCCACTATGCCTACATGGTTCCCGGTTGGCAAGCTGAGGCAATGCGC
303,CTGACTGTAACCGTTACTGCTGCCACTCTACTT,0.0001173646237564,GGAGTGTCGGCTCTCCTGCTAGCAGCCGGATGCTGGGGACAAGTCACCCTCTGACTGTAACCGTTACTGCTGCCACTCTACTTTTTGCCACTATGCCTACATGGTTCCCGGTTGGCAAGCTGAGGCAATGCGC
304,CTGACAGTAACCGTCACAGCAGCCACCCTACTT,0.0001173646237564,GGAGTGTCGGCTCTCCTGCTAGCAGCCGGATGCTGGGGACAAGTCACCCTCTGACAGTAACCGTCACAGCAGCCACCCTACTTTTTGCCACTATGCCTACATGGTTCCCGGTTGGCAAGCTGAGGCAATGCGC
305,CTTACAGTCACCGTAACCGCAGCCACTCTACTC,0.0005655941172571,GGAGTGTCGGCTCTCCTGCTAGCAGCCGGATGCTGGGGACAAGTCACCCTCTTACAGTCACCGTAACCGCAGCCACTCTACTCTTTGCCACTATGCCTACATGGTTCCCGGTTGGCAAGCTGAGGCAATGCGC
306,CTCACAGTTACCGTCACAGCCGCCACTCTACTT,2.7718725056339568e-05,GGAGTGTCGGCTCTCCTGCTAGCAGCCGGATGCTGGGGACAAGTCACCCTCTCACAGTTACCGTCACAGCCGCCACTCTACTTTTTGCCACTATGCCTACATGGTTCCCGGTTGGCAAGCTGAGGCAATGCGC
307,CTGACTGTAACAGTTACTGCAGCAACTCTACTT,2.7718725056339568e-05,GGAGTGTCGGCTCTCCTGCTAGCAGCCGGATGCTGGGGACAAGTCACCCTCTGACTGTAACAGTTACTGCAGCAACTCTACTTTTTGCCACTATGCCTACATGGTTCCCGGTTGGCAAGCTGAGGCAATGCGC
308,CTGACAGTTACCGTTACAGCAGCCACGCTTCTC,2.7718725056339568e-05,GGAGTGTCGGCTCTCCTGCTAGCAGCCGGATGCTGGGGACAAGTCACCCTCTGACAGTTACCGTTACAGCAGCCACGCTTCTCTTTGCCACTATGCCTACATGGTTCCCGGTTGGCAAGCTGAGGCAATGCGC
309,CTGACAGTTACCGTGACAGCAGCCACCCTACTT,2.7718725056339568e-05,GGAGTGTCGGCTCTCCTGCTAGCAGCCGGATGCTGGGGACAAGTCACCCTCTGACAGTTACCGTGACAGCAGCCACCCTACTTTTTGCCACTATGCCTACATGGTTCCCGGTTGGCAAGCTGAGGCAATGCGC
310,CTCACAGTTACCGTCACTGCAGCCACTCTGCTG,2.7718725056339568e-05,GGAGTGTCGGCTCTCCTGCTAGCAGCCGGATGCTGGGGACAAGTCACCCTCTCACAGTTACCGTCACTGCAGCCACTCTGCTGTTTGCCACTATGCCTACATGGTTCCCGGTTGGCAAGCTGAGGCAATGCGC
311,CTGACAGTAACCGTCACAGCAGCAACCCTACTT,0.0003863023198568,GGAGTGTCGGCTCTCCTGCTAGCAGCCGGATGCTGGGGACAAGTCACCCTCTGACAGTAACCGTCACAGCAGCAACCCTACTTTTTGCCACTATGCCTACATGGTTCCCGGTTGGCAAGCTGAGGCAATGCGC
312,CTCACAGTTACCGTCACTGCCGCCACTCTCCTT,0.0002070105224566,GGAGTGTCGGCTCTCCTGCTAGCAGCCGGATGCTGGGGACAAGTCACCCTCTCACAGTTACCGTCACTGCCGCCACTCTCCTTTTTGCCACTATGCCTACATGGTTCCCGGTTGGCAAGCTGAGGCAATGCGC
313,CTCACAGTTACCGTCACAGCAGCCACGCTTCTT,2.7718725056339568e-05,GGAGTGTCGGCTCTCCTGCTAGCAGCCGGATGCTGGGGACAAGTCACCCTCTCACAGTTACCGTCACAGCAGCCACGCTTCTTTTTGCCACTATGCCTACATGGTTCCCGGTTGGCAAGCTGAGGCAATGCGC
