,Barcode Sequence,Count
0,CTGACTGTGACCGTGACTGCTGCCACTCTACTA,4049
1,CTTACCGTCACCGTAACCGCAGCCACTCTACTC,1250
2,CTGACAGTCACAGTGACTGCCGCGACTCTTCTT,828
3,CTCACAGTGACCGTCACAGCCGCCACTCTCCTA,813
4,CTGACAGTTACCGTTACAGCAGCCACGCTTCTG,702
5,CTGACTGTTACTGTCACGGCTGCCACTCTCCTT,101
6,CTGACAGTCACCGTGACTGCCGCCACTCTTCTT,95
7,CTGACAGTTACCGTTACAGCAGCCACTCTTCTG,80
8,CTGACAGTGACCGTGACTGCCGCCACTCTACTA,51
9,CTGACCGTCACCGTAACCGCAGCCACTCTACTC,50
10,CTGACAGTGACCGTGACTGCTGCCACTCTACTA,47
11,CTGACAGTGACCGTCACAGCCGCCACTCTCCTA,43
12,CTGACTGTGACCGTGACTGCAGCCACTCTACTA,34
13,CTGACCGTCACCGTGACTGCAGCCACTCTACTC,29
14,CTGACAGTGACCGTGACTGCAGCCACTCTACTA,27
15,CTCACAGTGACCGTCACAGCCGCCACTCTACTA,25
16,CTGACAGTTACCGTTACAGCAGCCACTCTACTG,23
17,CTGACAGTCACCGTGACTGCCGCCACTCTACTT,22
18,CTGACAGTCACCGTGACTGCAGCCACTCTACTC,19
19,CTGACAGTGACCGTGACTGCCGCCACTCTTCTA,18
20,CTGACAGTCACCGTGACTGCCGCCACTCTACTA,15
21,CTGACAGTGACCGTGACTGCCGCCACTCTCCTA,15
22,CTTACAGTTACGGTCACTGCTGCAACCCTCCTG,14
23,CTGACAGTGACCGTTACAGCAGCCACTCTTCTA,13
24,CTGACAGTGACCGTGACAGCAGCCACTCTACTA,12
25,CTGACAGTGACCGTGACAGCCGCCACTCTACTA,11
26,CTGACAGTCACAGTGACTGCCGCCACTCTTCTT,10
27,CTGACAGTGACCGTCACAGCCGCCACTCTACTA,10
28,CTGACAGTTACCGTGACTGCAGCCACTCTTCTG,9
29,CTGACAGTCACCGTGACTGCCGCCACTCTTCTA,9
30,CTGACTGTCACCGTGACTGCAGCCACTCTACTA,8
31,CTGACTGTCACCGTGACTGCTGCCACTCTACTA,8
32,CTGACAGTCACCGTAACCGCAGCCACTCTACTC,7
33,CTGACAGTGACCGTGACTGCTGCCACTCTTCTA,7
34,CTGACAGTGACCGTGACAGCCGCCACTCTCCTA,6
35,CTTACAGTGACCGTAACCGCAGCCACTCTACTA,6
36,CTGACAGTGACCGTGACTGCAGCCACTCTTCTA,6
37,CTGACAGTGACCGTGACAGCCGCCACTCTTCTA,5
38,CTGACAGTTACCGTGACAGCAGCCACTCTTCTG,5
39,CTGACCGTCACCGTGACTGCAGCCACTCTACTA,5
40,CTGACTGTGACCGTGACTGCTGCCACTCTACTT,5
41,CTTACCGTCACCGTAACCGCAGCCACTCTACTA,4
42,CTGACAGTGACCGTGACAGCTGCCACTCTACTA,4
43,CTGACTGTTACCGTCACGGCTGCCACTCTCCTT,4
44,CTGACAGTCACCGTGACTGCAGCCACTCTACTA,4
45,CTGACAGTCACCGTAACAGCAGCCACTCTACTC,4
46,CTGACCGTGACCGTGACTGCAGCCACTCTACTA,3
47,CTGACAGTCACCGTGACTGCTGCCACTCTACTA,3
48,CTGACAGTGACCGTGACAGCAGCCACTCTTCTA,3
49,CTGACAGTCACCGTTACAGCAGCCACTCTACTG,3
50,CTGACAGTGACCGTCACAGCCGCCACTCTTCTA,3
51,CTTACCGTGACCGTAACCGCAGCCACTCTACTA,3
52,CTGACAGTCACCGTGACTGCCGCGACTCTTCTT,3
53,CTTACAGTGACCGTAACAGCAGCCACTCTACTA,2
54,CTTACCGTTACGGTAACCGCTGCGACACTCCTG,2
55,CTGACAGTTACCGTTACAGCAGCCACTCTTCTA,2
56,CTGACAGTGACCGTAACAGCAGCCACTCTACTA,2
57,CTGACCGTCACCGTAACCGCAGCCACTCTACTA,2
58,CTGACAGTTACCGTCACTGCTGCCACTCTCCTG,2
59,CTGACTGTTACCGTGACTGCTGCCACTCTACTA,2
60,CTGACCGTCACCGTAACTGCAGCCACTCTACTC,2
61,CTGACTGTCACCGTAACCGCTGCCACTCTACTC,2
62,CTGACAGTGACCGTTACAGCAGCCACTCTACTA,2
63,CTGACAGTTACCGTGACTGCAGCCACTCTTCTA,2
64,CTTACAGTTACCGTCACTGCTGCCACTCTCCTG,2
65,CTGACTGTGACCGTGACTGTTGCCACTCTACTA,1
66,CTGACTGTTACCGTGACTGCTGCCACTCTACTT,1
67,CTGACTGTTACTGTGACTGCTGCCACTCTCCTT,1
68,CTGACCGTGACCGTAACCGCAGCCACTCTACTA,1
69,CTTACAGTGACCGTAACCGCCGCCACTCTACTA,1
70,CTGACCGTTACCGTTACTGCTGCCACTCTTCTA,1
71,CTTACAGTCACCGTAACCGCAGCCACTCTACTC,1
72,CTGACAGTTACCGTTACTGCAGCCACTCTTCTG,1
73,CTGACTGTTACCGTGACTGCTGCCACTCTCCTT,1
74,CTGACAGTTACCGTGACTGCTGCCACTCTTCTT,1
75,CTTACAGTTACCGTCACTGCTGCCACTCTACTG,1
76,CTGACAGTCACCGTGACTGCAGCCACTCTTCTG,1
77,CTGACGGTTACCGTTACAGCAGCCACTCTTCTG,1
78,CTGACTGTTACCGTCACGGCTGCCACTCTACTT,1
79,CTGACTGTGACCGTCACGGCTGCCACTCTCCTT,1
80,CTGACTGTGACCGTGACTGCTGCCACTCTACTG,1
81,CTTGCCGTCACCGTAACCGCAGCCACTCTACTC,1
82,CTGACTGTGACCGTCACGGCTGCCACTCTCCTA,1
83,CTGACAGTCACCGTGACTGCAGCCACTCTACTT,1
84,CTTACAGTTACCGTCACTGCTGCAACCCTCCTG,1
85,CTGACTGTCACAGTGACTGCTGCCACTCTCCTT,1
86,CTGACTGCGACCGTGACTGCTGCCACTCTACTA,1
87,CTGACTGTCACCGTGACTGCTGCCACTCTACTT,1
88,CTGACTGTTACCGTCACTGCTGCCACTCTACTT,1
89,CTGACAGTCACCGTGACTGCTGCCACTCTTCTA,1
90,CTGACTGTCACCGTGACTGCTGCCACTCTCCTT,1
91,CTGACTGTTACCGTCACTGCTGCCACTCTCCTT,1
92,CTGACTGTCACAGTGACTGCTGCCACTCTTCTT,1
93,CTTACAGTTACGGTCACTGCTGCAACTCTCCTG,1
94,CTGACAGTGACCGTCACAGCAGCCACTCTTCTA,1
95,CTGACTGTTACTGTCACTGCTGCCACTCTCCTT,1
96,CTGACTGTTACCGTTACAGCTGCCACTCTTCTG,1
97,CTGACAGTGACCGTCACAGCAGCCACTCTACTA,1
98,CTCACAGTGACCGTCACAGCCGCCACTCTCCTT,1
99,CTCACAGTGACCGTCACAGCAGCCACTCTACTA,1
100,CTTACTGTCACCGTAACCGCAGCCACTCTACTC,1
101,CTTACCGTCACCGTAACCGCAGCCACTCTACTT,1
102,CTGACAGTTACCGTTACAGCTGCCACTCTTCTG,1
103,CTGACAGTTACCGTTACAGCAGCCACTCTTCTT,1
104,CTGACAGTCACCGTGACAGCCGCCACTCTTCTT,1
105,CTGACTGTGACCGTCACTGCTGCCACTCTACTA,1
106,CTGACAGTCACCGTGACAGCAGCCACTCTTCTG,1
107,CTGACAGTCACCGTGACAGCCGCCACTCTTCTA,1
108,CTGACCGTCACCGTGACCGCAGCCACTCTACTC,1
109,CTGACAGTTACCGTTACAGTAGCCACGCTTCTG,1
110,CTGACTGTGACCGTGACTGCTTCCACTCTACTA,1
111,CTGACTGTGACCGTCACTGCTGCCACTCTCCTA,1
112,CTGACCGTCACCGTGACCGCAGCCACTCTACTA,1
113,CTGACTGTGACCGTGACTGCCGCCACTCTACTA,1
114,CTTACAGTCACCGTAACCGCCGCCACTCTACTC,1
115,CTGACAGTGACCGTGACTGCCGCCACTCTCCTT,1
116,CTGACAGTTACCGTCACTGCTGCCACCCTCCTG,1
117,CTTACAGTCACCGTAACCGCAGCCACTCTACTA,1
